Collection,Year,Part,Model,Number,Stamp,Condition,Origin,URL,Tags,Quantity,Image,Note
Car Culture: World Tour,2024,0/5,Alfa Romeo GTV6 3.0,,T17A,New on card,Target,,Chase,,,
Pop Culture: Cyberpunk 2077,2024,,Porsche 911 Turbo (930),,,New on card,Target,,PREMIUM,2,,Cyberpunk 2077
Then and Now,2025,9/10,1973 Honda Civic Custom,231/250,,New on card,Trade,,$TH,,1973 Honda Civic Custom (Then and Now 2025 $TH).JPG,
HW Wagons,2025,5/5,BMW M3 Wagon,245/250,,New on card,Dollar Tree,,$TH,,,
HW Hot Trucks,2025,6/10,1975 Datsun Sunny Truck (B120),93/250,,New on card,Target,,$TH,,1975 Datsun Sunny Truck (B120) (HW Hot Trucks 2025 $TH).JPG,
HW Exotics,2023,7/10,Porsche 935,223/250,,New on card,Dollar General,,$TH,,Porsche 935 (HW Exotics 2023 $TH).JPG,
Muscle Mania,2024,4/5,1977 Pontiac Firebird T/A,206/250,,New on card,Dollar General,,$TH,,1977 Pontiac Firebird T_A (Muscle Mania 2024 $TH).JPG,
HW Modified,2024,8/10,1989 Mercedes-Benz 560 SEC AMG,82/250,,New on card,Family Dollar,,$TH,,1989 Mercedes-Benz 560 SEC AMG (HW Modified 2024) $TH.JPG,
Compact Kings,2024,5/5,1960s Fiat 5000 Modificado,117/250,,New on card,Dollar Tree,,$TH,,1960s Fiat 5000 Modificado (Compact Kings 2024 $TH).JPG,
HW Dream Garage,2024,2/5,2018 Camaro SS,32/250,,New on card,Dollar Tree,https://www.hwtreasure.com/2024-super/18-camaro-ss/,$TH,,2018 Camaro SS (HW Dream Garage 2024 $TH).JPG,
HW Dream Garage,2023,5/5,1968 Corvette - Gas Monkey Garage,139/250,,New on card,Family Dollar,https://hotwheels.fandom.com/wiki/'68_Corvette_-_Gas_Monkey_Garage,$TH,,1968 Corvette - Gas Monkey Garage (HW Dream Garage 2023 STH).JPG,
Car Culture: Team Transport,2025,,1973 Honda Civic Custom + Aero Lift,80,,New on card,Walmart,,PREMIUM,,,
Hot Wheels Boulevard,2023,,1996 Honda Accord,88,,New on card,Flea Market,,PREMIUM,,,
The Hot Ones,2025,5/8,Honda Civic Si,,,New on card,Target,,,,,
Fast & Furious,2025,1/5,Honda Civic EG,,,New on card,Walmart,,,,,Fast & Furious  - Racing Course
Fantastic Sams,2003,,Honda Civic Si,,,New on card,Trade,,,,,
Pro Racing Race Day,2004,,Taurus Stocker (2000),17,,New in box,Found,,,,,
Matchbox Collectors Series,2025,3/20,1970 Honda N600 Off Road,,,New on card,Trade,,,,,
Baja Blazers,2020,3/10,Geoterra,102/250,,Opened,Flea Market,,,,,
Baja Blazers,2022,9/10,1970 Dodge Charger,129/250,02-22,New on card,Flea Market,,,,,Fast & Furious
Baja Blazers,,1/10,1987 Dodge D100,181/250,,New on card,Walmart,,,,,
Baja Blazers,2022,2/10,Baja Bone Shaker,3/250,09-21,New on card,Trade,,,,,
Baja Blazers,2022,4/10,2020 Jeep Gladiator,26/250,02-22,New on card,CVS,,,,,Borla
Baja Blazers,2022,5/10,Blade Raider,51/250,,New on card,Family Dollar,,,,,
Baja Blazers,2022,7/10,2019 Chevy Silverado Trail Boss LT,53/250,07-22,New on card,Family Dollar,,,,,Borla
Baja Blazers,2023,3/10,1973 Jeep J10,196/250,,New on card,Walmart,,,,,
Baja Blazers,2023,6/10,1957 Jeep FC,218/250,,New on card,Walmart,,,,,
Baja Blazers,2023,5/10,Porsche 928S Safari,208/250,,New on card,Walmart,,,2,,
Baja Blazers,2023,8/10,Jeep Scrambler,233/250,,New on card,Target,,,,,
Baja Blazers,2023,10/10,Land Rover Series II,242/250,,New on card,Mommy,,,,,
Baja Blazers,2023,4/10,2020 Toyota Tacoma,207/250,,New on card,Target,,,,,
Baja Blazers,2023,2/10,Dune Crusher,182/250,,Opened,,https://hotwheels.fandom.com/wiki/Dune_Crusher,,,,
Batman,2023,2/5,Batman Forever Batmobile,55/250,09-22,New on card,Family Dollar,,,,,
Batman,2023,3/5,Batmobile,103/250,11-22,New on card,Family Dollar,,,,,
Batman,,4/5,TV Series Batmobile,131/250,07-22,New on card,Family Dollar,,,,,
Batman,2022,5/5,Batmobile,178/250,08-22,New on card,Dollar General,,,,,
Batman,2022,5/5,Batmobile,178/250,08-22,New (open),Dollar General,,,,,
Batman,2024,1/5,Batman v Superman Batmobile,2/250,,New on card,Publix,,,,,
Batman,2024,3/5,Batman Forever Batmobile,106/250,,New on card,Dollar Tree,,TH,3,,
Batman 5-pack,2023,1/5,Muscle Bound,,,New in 5-pack,Grandpa,,,,,
Batman 5-pack,2023,2/5,2011 Dodge Charger R/T,,,New in 5-pack,Grandpa,,,,,
Batman 5-pack,2023,3/5,1949 Merc,,,New in 5-pack,Grandpa,,,,,
Batman 5-pack,2023,4/5,1966 TV Series Batmobile,,,New in 5-pack,Grandpa,,,,,
Batman 5-pack,2023,5/5,The Bat,,,New in 5-pack,Grandpa,,,,,
DC Batman,2023,11/20,The Batman Batmobile,,,New on card,Dollar Tree,,,,,
DC Batman,2023,12/20,The Dark Knight Batmobile,,,New on card,Dollar Tree,,,,,
DC Batman,2023,13/20,Arkham Knight Batmobile,,,New on card,Dollar Tree,,,,,
Biff! Bam! Boom!,1997,2/4,Limozeen,542,,New on card,Flea Market,,,,,Moneyed Madness!
Blue and Pink,2022,5/6,Custom 1953 Chevy,,,New on card,Big Lots,,,,,
Brick Rides,2023,3/5,Brickin' Delivery,58/250,,Opened,Dollar Tree,,,,,
Bugging Out,,3/4,Radar Ranger,943,1998,New on card,Flea Market,,,,,
Fast & Furious,2021,2/5,Land Rover Defender 110 Hard Top,,,Opened,Ollie’s,,PREMIUM,,,
Car Culture: Exotic Envy,2022,1/5,1969 Alfa Romeo 33 Stradale,,,New in 5-pack,Ross,https://hotwheels.fandom.com/wiki/'69_Alfa_Romeo_33_Stradale,PREMIUM,,,
Car Culture: Exotic Envy,2022,2/5,McLaren Speedtail,,,New in 5-pack,Ross,https://hotwheels.fandom.com/wiki/McLaren_Speedtail,PREMIUM,,,
Car Culture: Exotic Envy,2022,3/5,Koenigsegg Agera R,,,New in 5-pack,Ross,https://hotwheels.fandom.com/wiki/Koenigsegg_Agera_R,PREMIUM,,,
Car Culture: Exotic Envy,2022,4/5,1994 Bugatti EB110,,,New in 5-pack,Ross,https://hotwheels.fandom.com/wiki/'94_Bugatti_EB110_SS,PREMIUM,,,
Car Culture: Exotic Envy,2022,5/5,Lamborghini Essenza SCV12,,,New in 5-pack,Ross,https://hotwheels.fandom.com/wiki/Lamborghini_Essenza_SCV12,PREMIUM,,,
Car Culture: Autostrasse,2022,1/5,1972 Mercedes-Benz 280 SEL 4.5,,,New in 5-pack,Ross,,PREMIUM,,,
Car Culture: Autostrasse,2022,2/5,BMW M3 (E46),,,New in 5-pack,Ross,,PREMIUM,,,
Car Culture: Autostrasse,2022,3/5,Lamborghini Urus,,,New in 5-pack,Ross,,PREMIUM,,,
Car Culture: Autostrasse,2022,4/5,1973 Volvo 142 GL,,,New in 5-pack,Ross,,PREMIUM,,,
Car Culture: Autostrasse,2022,5/5,Alpine A110,,,New in 5-pack,Ross,,PREMIUM,,,
Car Culture: Ronin Run,2022,1/5,1995 Mazda RX7,,,New in 5-pack,Ross,,PREMIUM,,,
Car Culture: Ronin Run,2022,2/5,Nissan 300ZX Twin Turbo,,,New in 5-pack,Ross,,PREMIUM,,,
Car Culture: Ronin Run,2022,3/5,1981 Toyota Starlet KP61,,,New in 5-pack,Ross,,PREMIUM,,,
Car Culture: Ronin Run,2022,4/5,1998 Subaru Impreza 22B-STi Version,,,New in 5-pack,Ross,,PREMIUM,,,
Car Culture: Ronin Run,2022,5/5,Mazda RX7 FC Pandemic,,,New in 5-pack,Ross,,PREMIUM,,,
Car Culture: Speed Machines,2023,1/5,Porsche 911 GT3,,,New in 5-pack,DD’s Discount,,PREMIUM,,,
Car Culture: Speed Machines,2023,2/5,McLaren 720S,,,New in 5-pack,DD’s Discount,,PREMIUM,,,
Car Culture: Speed Machines,2023,3/5,Pagani Zonda R,,,New in 5-pack,DD’s Discount,,PREMIUM,,,
Car Culture: Speed Machines,2023,4/5,Ford GT,,,New in 5-pack,DD’s Discount,,PREMIUM,,,
Car Culture: Speed Machines,2023,5/5,Lamborghini Veneno,,,New in 5-pack,DD’s Discount,,PREMIUM,,,
Car Culture: Exotic Envy,2024,3/5,BMW M1 Procar,,,Opened,Mommy,,PREMIUM,,,
Car-Toon Friends,,4/4,Lakester,988,1998,Opened,Flea Market,,,,,
CD Customs,,1/4,Chrysler Pronto,029,,New on card,Flea Market,,,,,
Circus On Wheels,,2/4,1932 Ford Delivery,026,2000,New on card,Flea Market,,,,,
Color Racers,1989,,Ferrari Testarossa,,,Used,Marketplace,https://hotwheels.fandom.com/wiki/Ferrari_Testarossa,,,,
Compact Kings,2024,1/5,Mighty K,21/250,,New on card,Mommy,,ZAMAC,2,,
Compact Kings,2024,3/5,Proton Saga,41/250,,New on card,Dollar Tree,,,,,
Compact Kings,2024,4/5,1973 Honda Civic Custom,90/250,,New on card,Dollar Tree,,,,,
Compact Kings,2024,4/5,1973 Honda Civic Custom,90/250,,New on card,Dollar Tree,,,,1973 Honda Civic Custom (Compact Kings 2024) [green].JPG,
Company Cars,,4/4,Dodge Sidewinder,088,2000,New on card,Flea Market,,,,,
Corvette 70 1953-2023,2023,3/8,1964 Corvette Stingray,,,New on card,Walmart,,,,,
Corvette 70 1953-2023,2023,4/8,1969 Corvette,,,New on card,Walmart,,,,,
Crack-Ups,1984,,Stocker Smasher,,,Used,Marketplace,https://hotwheels.fandom.com/wiki/Stocker_Smasher,,,,
2005 First Editions - Drop Tops,2005,2/10,1957 Nomad,022,2004,Opened,Flea Market,,,,,
Demo Destruction,2023,1/5,Flat Iron,,,New in 5-pack,Gina,https://hotwheels.fandom.com/wiki/Demo_Destruction_5-Pack_(2023),,,,
Demo Destruction,2023,2/5,Cruise Bruiser,,,New in 5-pack,Gina,https://hotwheels.fandom.com/wiki/Demo_Destruction_5-Pack_(2023),,,,
Demo Destruction,2023,3/5,Repo Duty,,,New in 5-pack,Gina,https://hotwheels.fandom.com/wiki/Demo_Destruction_5-Pack_(2023),,,,
Demo Destruction,2023,4/5,Blind-Sided,,,New in 5-pack,Gina,https://hotwheels.fandom.com/wiki/Demo_Destruction_5-Pack_(2023),,,,
Demo Destruction,2023,5/5,Project Speeder,,,New in 5-pack,Gina,https://hotwheels.fandom.com/wiki/Demo_Destruction_5-Pack_(2023),,,,
Dropstars,2006,3/5,Blings Mercedes-Benz G500,058,,New on card,Flea Market,,,,,
Experimotors,,7/10,Heavy Hitcher,30/250,2018,New on card,Flea Market,,,,,
Experimotors,,3/10,Tooligan,28/250,,New on card,Family Dollar,,,,,
Experimotors,,4/10,See Me Rollin’,54/250,,New on card,Family Dollar,,,,,
Experimotors,,2/5,Coupe Clip,23/250,08-22,New on card,Dollar General,,,,,
Experimotors,,2/5,Coupe Clip,23/250,,Used,Dollar General,,,,,Keychain
Experimotors,,3/5,Gotta Go,48/250,2021,New on card,Dollar Tree,,,,,
Experimotors,,4/5,HW Braille Racer - Twin Mill,85/250,11-22,New on card,Dollar Tree,,,,,
Experimotors,,5/5,Clip Rod,119/250,11-22,New on card,Dollar Tree,https://hotwheels.fandom.com/wiki/Clip_Rod,,,,
Experimotors,2024,3/5,Tooligan,72/250,,New on card,Dollar Tree,,TH,2,,Hot Wheels Let’s Race
Experimotors,2024,4/5,Mo-Stash,73/250,,New (open),Mommy,,,,,
Experimotors,2024,5/5,Porsche 911 Carrera,134/250,,New on card,Publix,,,,,Keychain
Experimotors,2024,5/5,Porsche 911 Carrera,134/250,,New on card,Target,,,,[white],Keychain
Factory Fresh,2023,4/5,Porsche Taycan Turbo S,149/250,,New on card,Walmart,,ZAMAC,,,
Factory Fresh,2023,2/5,BMW 507,120/250,,New on card,Family Dollar,,,,,
Factory Fresh,2023,3/5,Lotus Emira,121/250,11-22,New on card,Family Dollar,,,,,
Factory Fresh,2022,9/10,Aston Martin V12 Speedster,183/250,08-22,New on card,Dollar General,,,,,
Factory Fresh,2022,10/10,Porsche 911 GT3,199/250,08-22,New on card,Dollar General,,,,,
Factory Fresh,2024,3/10,2020 Ram 1500 Rebel,24/250,,New on card,Publix,,,,,
Factory Fresh,2024,3/10,2020 Ram 1500 Rebel,24/250,,New on card,,,,,2020 Ram 1500 Rebel (Factory Fresh 2024) [black].JPG,
Factory Fresh,2023,4/5,Porsche Taycan Turbo S,149/250,,New on card,,https://hotwheels.fandom.com/wiki/Porsche_Taycan_Turbo_S,,,Porsche Taycan Turbo S (Factory Fresh 2023) [green].JPG,
Factory Fresh,2024,2/10,Ford GT40,12/250,,New on card,Publix,,,,,
Factory Fresh,2024,4/10,Porsche 911 Carrera RS 2.7,46/250,,New on card,Dollar General,,,,,
Factory Fresh,2024,8/10,Alfa Romeo GTV6 3.0,98/250,,New on card,Dollar Tree,,,,,
Fast Foodie,2022,5/5,Carbonator,135/250,02-22,New on card,Family Dollar,,,,,
Fast Foodie,2024,3/5,Car-De-Asada,200/250,,New on card,Dollar General,,TH,,,
Final Run,2004,3/5,Semi-Fast,135,2003,New on card,Flea Market,,,,,
Flyin’ Aces,1998,2/4,Dogfighter,738,1997,Opened,Flea Market,,,,,
Flyin’ Aces,1998,4/4,XT-3,740,,Opened,Flea Market,,,,,
Fright Cars,2017,3/5,Street Creeper,008,0377N,New on card,Flea Market,,ZAMAC,,,
Future Fleet 2000,2000,1/4,Ford GT-90,001,,New on card,Flea Market,,,,,
Game Over Series,,4/4,Twin Mill II,960,,New on card,Flea Market,,,,,
Grave Rave,,1/4,Evil Twin,099,2001,New on card,Flea Market,,,,,
Gold Rides,2007,3/4,Humvee,55/180,,New on card,Flea Market,,,,,
Halloween Series,2023,1/5,1933 Ford Lo Boy,,02-23,New on card,Lidl,,,,,
Halloween Series,2023,2/5,2014 Corvette Stingray,,02-23,New on card,Lidl,,,,,
Halloween Series,2023,3/5,2016 Camaro SS,,02-23,New on card,Lidl,,,,,
Halloween Series,2023,4/5,1971 Maverick Grabber,,02-23,New on card,Lidl,,,,,
Halloween Series,2023,5/5,King Kuda,,02-23,New on card,Lidl,,,,,
Halloween Series,2024,4/5,Muscle Bound,,,Opened,Mommy,,,,,
Halloween Series,2024,5/5,Street Shaker,,,Opened,Mommy,,,,,
Heat Fleet,1997,3/4,Tank Truck,539,,Used,Gina,,,,,
Heat Fleet 2011,2011,10/10,1965 Mustang,100/244,2011,New on card,Flea Market,,,,,
Heroes on Hot Wheels,1987,,BMW M1 Wind Splitter,,,Used,Marketplace,,,,,
Hot Wagons,2024,1/5,1964 Chevy Nova Wagon,,,New on card,Mommy,,,,,
Hot Wagons,2024,2/5,Custom 1966 GTO Wagon,,,New on card,Mommy,,,,,
Hot Wagons,2024,3/5,Datsun Bluebird Wagon (510),,,New on card,Mommy,,,,,
Hot Wagons,2024,4/5,Volvo 850 Estate,,,New on card,Mommy,,,,,
Hot Wagons,2024,5/5,2017 Audi RS 6 Avant,,,New on card,Walmart,,,,,
HW 55 Race Team,,1/5,Turbine Sublime,39/250,2021,New on card,Dollar Tree,,,,,
HW 55 Race Team,,4/5,Mod Rod,111/250,11-22,New on card,Dollar Tree,,TH,,,
HW Art Cars,2022,1/10,Bully Goat,52/250,11-21,New on card,Flea Market,,,,,
HW Art Cars,2023,2/10,70s Van,16/250,08-22,Opened,Flea Market,https://hotwheels.fandom.com/wiki/Super_Van,,,,
HW Art Cars,2023,4/10,Custom 2011 Camaro,36/250,,New on card,Mommy,,,,,
HW Art Cars,2022,8/10,1958 Impala,200/250,04-22,New on card,Flea Market,,TH,,,
HW Art Cars,2022,5/10,1971 Dodge Charger,109/250,12-21,New on card,Flea Market,,,,,
HW Art Cars,2019,8/10,Mach Speeder,229/250,2017,New on card,Flea Market,,,,,
HW Art Cars,2022,6/10,MS-T Suzuka,170/250,07-22,New on card,Family Dollar,,,,,
HW Art Cars,2023,7/10,1976 Greenwood Corvette,65/250,10-22,New on card,Family Dollar,,,,,
HW Art Cars,2022,3/10,Raijin Express,87/250,04-22,Opened,Dollar General,,,,,
HW Art Cars,2023,3/10,Baja Bone Shaker,35/250,09-22,New on card,Dollar Tree,,,,,
HW Art Cars,2022,10/10,Velocita,227/250,06-22,Opened,Dollar Tree,,,,,
HW Art Cars,2023,5/10,1968 Copo Camaro,63/250,,Opened,Dollar General,,,,,
HW Art Cars,2023,10/10,Cloak and Dagger,157/250,,New on card,Dollar Tree,,,,,
HW Art Cars,2023,10/10,Cloak and Dagger,157/250,,Opened,Dollar Tree,,,,Cloak and Dagger (HW Art Cars 2023) [white].JPG,
HW Art Cars,2024,2/10,1967 Chevy C10,83/250,,New on card,Dollar Tree,,,,,
HW Art Cars,2024,7/10,Purple Passion,151/250,,New on card,Dollar Tree,,TH,2,,Hot Wheels Let’s Race
HW Art Cars,2024,10/10,Mailed It!,164/250,,New on card,Mommy,,,,,Hot Wheels Let’s Race
HW Celebration Racers,2024,1/10,HW Braille Racer - Twin Mill,27/250,,New on card,Mommy,,,,,
HW Celebration Racers,2024,2/10,Knight Draggin',52/250,,Opened,Walmart,,,,,
HW Celebration Racers,2024,3/10,1978 Dodge Li'l Red Express Truck,53/250,,New on card,Dollar Tree,,,,,
HW Celebration Racers,2024,6/10,Flippin Fast,103/250,,Opened,Walmart,,,,,
HW City,,,Surf Bus,3/250,1324N,Opened,Flea Market,,,,,
HW City,2013,,Speedbox,15/250,3662N,Opened,Flea Market,https://hotwheels.fandom.com/wiki/Speedbox,,,,
HW City,2013,,Surfin’ School Bus,31/250,3652N,Opened,Trade,,,,,
HW City,2013,,Power Panel,39/250,1683N,Opened,Flea Market,,,,,
HW City Works,2010,8/10,GMC Motorhome,116/240,1160N,Opened,Trade,,,,,
HW City Works,,4/10,Street Cleaver,169/250,2925N,New on card,Flea Market,,,,,
HW CODE Cars 2012,2012,21/22,Twinduction,246/247,0992N,Opened,Flea Market,,,,,
HW Daredevils,,3/5,Blade Raider,76/250,09-20,Opened,Flea Market,,,,,
HW Daredevils,,4/5,Dimachinni Veloce,163/250,02-22,New on card,Family Dollar,,,,,
HW Drag Strip,2022,1/10,1940 Ford Pickup,181/250,08-22,New on card,Dollar General,,,,,
HW Drag Strip,2023,2/10,Ford Mustang Mach-E 1400,81/250,,New on card,Walmart,,,,,
HW Drag Strip,2023,10/10,Madfast,198/250,,New on card,Walmart,,TH,2,,
HW Drag Strip,2023,9/10,1976 Chevy Chevette,197/250,,New on card,Grandpa,,,,,
HW Drag Strip,2023,3/10,2018 Copo Camaro SS,106/250,12-22,New on card,,https://hotwheels.fandom.com/wiki/'18_COPO_Camaro_SS,,,,
HW Dream Garage,2020,1/10,2 Jet Z,1/250,01-20,New on card,Flea Market,,,,,
HW Dream Garage,2020,4/10,Twin Mill Gen-E,62/250,2018,New on card,Flea Market,,,,,
HW Dream Garage,2022,3/5,FusionBusta,84/250,11-21,New on card,Flea Market,,,,,
HW Dream Garage,2023,4/5,El Segundo Coupe,105/250,,New on card,Walmart,,,,,
HW Dream Garage,2022,2/5,Count Muscula,83/250,04-22,New on card,Dollar General,,,,,
HW Dream Garage,2022,2/5,Count Muscula,83/250,,New (open),,,,,,
HW Dream Garage,2023,1/5,Volvo P1800 Gasser,1/250,09-22,New on card,Family Dollar,,,,,
HW Dream Garage,2023,2/5,Rodger Dodger,32/250,,New on card,Mommy,https://hotwheels.fandom.com/wiki/Rodger_Dodger,,,,depiction of a modified ’73 Dodge Charger SE with a blown V8 poking out of the hood
HW Dream Garage,2023,5/5,1968 Corvette - Gas Monkey Garage,139/250,,New on card,Family Dollar,https://hotwheels.fandom.com/wiki/'68_Corvette_-_Gas_Monkey_Garage,,,,
HW Dream Garage,2024,1/5,Custom Otto,6/250,,New on card,Publix,,,,,
HW Dream Garage,2024,1/5,Custom Otto,6/250,,Opened,Mommy,,,,Custom Otto (HW Dream Garage 2024) [white].JPG,Hot Wheels Let’s Race
HW Dream Garage,2024,2/5,2018 Camaro SS,32/250,,New on card,Dollar Tree,,,,,
HW Dream Garage,2024,3/5,Mazda Autozam,1/250,,New on card,Dollar Tree,,,,,
HW Drift,2022,5/5,Muscle and Blown,240/250,07-22,New on card,Family Dollar,,TH,,,
HW Drift,,3/5,Dodge Challenger Drift Car,207/250,08-22,New on card,Dollar General,,,,,
HW Drift,,4/5,Volvo 240 Drift Wagon,232/250,06-22,New on card,Dollar Tree,,,,,
HW Exotics,2020,5/10,Electro Silhouette,181/250,03-20,Opened,Flea Market,,,,,
HW Exotics,2023,2/10,Porsche 911 GT3,177/250,,New on card,Walmart,,,2,,
HW Exotics,2022,9/10,Aston Martin Vantage GTE,238/250,07-22,New on card,Family Dollar,,,,,
HW Exotics,2022,3/10,LB-Works Lamborghini Huracan Coupe,172/250,,New on card,Flea Market,,,,,Liberty Walk
HW Exotics,2022,5/10,1971 Lamborghini Miura SV,202/250,08-22,New on card,Dollar General,,,,,
HW Exotics,2023,1/10,Lamborghini Sian FKP 37,163/250,,New on card,Dollar Tree,,,,,
HW Exotics,2023,4/10,Koenigsegg Gemera,188/250,,New on card,Walmart,,,,Koenigsegg Gemera (HW Exotics 2023) [yellow].JPG,
HW Exotics,2023,4/10,Koenigsegg Gemera,188/250,,New on card,Mommy,,,,,
HW Exotics,2023,3/10,Celero GT,178/250,,New on card,Dollar Tree,,,,,
HW Exotics,2023,6/10,Bugatti Bolide,213/250,,New on card,Target,,,,,
HW Exotics,2023,8/10,Lamborghini Reventon,224/250,,New on card,Publix,https://hotwheels.fandom.com/wiki/Lamborghini_Reventón,,,,60 Anniversario
HW Exotics,2023,7/10,Porsche 935,223/250,,New on card,Target,,,,,
HW Exotics,2023,5/10,Mad Mike Drift Attack,209/250,,New on card,Mommy,,,,,
HW Exotics,2023,10/10,McLaren Solus GT,250/250,,New on card,Mommy,,,,,
HW Exotics,2023,10/10,McLaren Solus GT,250/250,,New on card,Mommy,,,,,
HW Exotics,2024,1/10,Porsche 904 Carrera GTS,158/250,,New on card,Mommy,,,3,,
HW Exotics,2024,2/10,2020 Koenigsegg Jesko,184/250,,Opened,Dollar Tree,,,,,
HW Exotics,2024,2/10,2020 Koenigsegg Jesko,184/250,,New on card,Walmart,,,,,
HW Exotics,2024,3/10,Bugatti Bolide,185/250,,New on card,Walmart,,,,,
HW Exotics,2024,4/10,Lamborghini Sesto Elemento,204/250,,New on card,Walmart,,,,,
HW Exotics,2024,5/10,Pagani Utopia,205/250,,New on card,Walmart,,,,,
HW Exotics,2024,6/10,1992 Dodge Viper RT/10,218/250,,New on card,Target,,,,,
HW Exotics,2024,7/10,Gordon Murray Automotive T.50s,235/250,,New on card,Walmart,,,,,
HW Fast Transit,2024,1/5,Hot Wheels High,5/250,,Opened,Dollar General,,,,,Bus
HW Fast Transit,2024,1/5,Hot Wheels High,5/250,,Opened,Target,,,,Hot Wheels High (HW Fast Transit 2024) [orange].JPG,Bus
HW Fast Transit,2024,2/5,Road Bandit,30/250,,Opened,Dollar Tree,,,,,Hot Wheels Let’s Race
HW Fast Transit,2024,3/5,Ain’t Fare,31/250,,New on card,Dollar Tree,https://www.hwtreasure.com/2024-2/aint-fare/,TH,2,,Bus
HW Fast Transit,2024,4/5,West Coast Flyer,56/250,,Opened,Family Dollar,,,,,Hot Wheels Let’s Race / Train
HW Fast Transit,2024,4/5,West Coast Flyer,56/250,,Opened,Family Dollar,,,,West Coast Flyer (HW Fast Transit 2024) [white].JPG,Hot Wheels Let’s Race / Train
HW Fast Transit,2024,5/5,Trouble Decker,126/250,,Opened,Dollar General,,,,,Hot Wheels Let’s Race / Bus
HW Fast Transit,2024,5/5,Trouble Decker,126/250,,Opened,Walmart,,,,Trouble Decker (HW Fast Transit 2024) [blue].JPG,Hot Wheels Let’s Race / Bus
HW First Response,2024,3/10,Runway Res-Q,9/250,,Opened,Dollar General,,,,,Fire truck
HW First Response,2024,4/10,Humvee,33/250,,New on card,Dollar Tree,,,,,
HW First Response,2024,8/10,Mazda RX-7,80/250,,New on card,Dollar Tree,,,,,
HW First Response,2024,8/10,Mazda RX-7,80/250,,New on card,Walmart,,,,Mazda RX-7 (HW First Response 2024) [black].JPG,
HW Games,,6/10,MR11,236/250,1366N,Opened,Flea Market,,,,,
HW Gassers,2023,1/5,1955 Chevy Bel Air Gasser,110/250,,New on card,Mommy,,,,,
HW Gassers,2023,3/5,1962 Corvette Gasser,174/250,,New on card,Dollar Tree,,,,,
HW Gassers,2023,4/5,1965 Mercury Comet Cyclone,199/250,,New on card,Dollar Tree,,,,,
HW Getaways,,2/5,RV There Yet,22/250,08-20,Opened,Flea Market,,,,,
HW Getaways,,4/5,Twinnin’ ‘N Winnin’,116/250,12-20,Opened,Flea Market,,,,,
HW Green Speed,2023,5/10,Automobili Pininfarina Battista,108/250,11-22,New on card,Family Dollar,,,,,
HW Green Speed,2023,5/10,Automobili Pininfarina Battista,108/250,11-22,New on card,Walmart,,ZAMAC,2,,
HW Green Speed,,6/10,Audi RS E-Tron GT,109/250,11-22,New on card,Family Dollar,,,,,
HW Green Speed,,2/5,Nissan Leaf Nismo RC_02,100/250,04-22,New on card,Dollar General,,,,,
HW Green Speed,,2/10,Porsche Panamera Turbo S E-Hybrid Sport Turismo,38/250,,New on card,Dollar General,,,,,
HW Green Speed,,3/10,Lotus Evija,84/250,11-22,New on card,Dollar Tree,https://hotwheels.fandom.com/wiki/Lotus_Evija,,,,
HW Green Speed,,4/10,Rimac Nevera,70/250,11-22,New on card,Dollar Tree,https://hotwheels.fandom.com/wiki/Rimac_Nevera,,,,
HW Green Speed,2023,7/10,Baja Bison T5,143/250,,Opened,Target,,,,,
HW Green Speed,,9/10,Jaguar I-Pace eTrophy,158/250,,New on card,Dollar Tree,,,,,
HW Green Speed,2023,8/10,Fiat 500e,144/250,,New on card,Family Dollar,,,,,
HW Green Speed,2023,10/10,Volkswagen ID. Buzz,173/250,,New on card,Dollar Tree,,,,,
HW Green Speed,2024,1/10,Czinger 21C,13/250,,New on card,Mommy,,ZAMAC,2,,
HW Green Speed,2024,2/10,Volvo XC40 Recharge,14/250,,New on card,Mommy,,,,,
HW Green Speed,2024,9/10,Ford Performance Supervan 4,128/250,,New on card,Walmart,,,,,
HW Green Speed,2024,7/10,Delorean Alpha5,85/250,,New on card,Dollar Tree,,,,,
HW Green Speed,2024,8/10,Silverado EV RST,110/250,,New on card,Walmart,,,,,Chevrolet
HW Green Speed,2024,9/10,Ford Performance Supervan 4,128/250,,New on card,Target,,,,,
HW Hatchbacks,,2/5,2019 Mercedes-Benz A-Class,18/250,2019,New on card,Flea Market,,ZAMAC,,,
HW Haulers,,2/5,Fast-Bed Hauler,11/250,08-22,New on card,Dollar General,,,,,
HW Haulers,2023,2/5,Fast-Bed Hauler,11/250,,New on card,Walmart,,,,,
HW Haulers,,4/5,Mercedes-Benz Unimog 1300,61/250,2021,New on card,Dollar Tree,,,,,
HW Haulers,,5/5,Hiway Hauler 2,130/250,,New on card,Target,,,,,
HW Haulers,2023,1/5,Raijin Express,10/250,,New on card,Dollar General,,TH,,Raijin Express (HW Art Cars 2022 TH).JPG,
HW Hot Trucks,,2/10,Solid Muscle,001,2017,New on card,Flea Market,,ZAMAC,,,
HW Hot Trucks,2023,4/10,Mazda Repu,147/250,,New on card,Family Dollar,,,2,,
HW Hot Trucks,,6/10,Haul-O-Gram,238/250,07-20,New on card,Flea Market,,,,,
HW Hot Trucks,,5/10,Power Panel,189/250,,Opened,Walmart,,,,,
HW Hot Trucks,,8/10,Lolux,115/250,07-22,New on card,Family Dollar,,,,,
HW Hot Trucks,,4/10,2020 Toyota Tacoma,72/250,04-22,New on card,Dollar General,,,,,
HW Hot Trucks,,1/10,Toon’d 1983 Chevy Silverado,93/250,,Opened,Dollar Tree,,,,,
HW Hot Trucks,2023,3/10,GMC Hummer EV,116/250,,New on card,Walmart,,,,,
HW Hot Trucks,2022,10/10,Rennen Rig,127/250,08-22,Opened,Dollar General,,,,,
HW Hot Trucks,2023,6/10,Limited Grip,190/250,,New on card,Walmart,https://hotwheels.fandom.com/wiki/Limited_Grip,,,,
HW Hot Trucks,2023,8/10,Ford Bronco R,225/250,,New on card,Walmart,,,,,Borla
HW Hot Trucks,2023,9/10,Ford F-150 Lightning Custom,226/250,,New on card,Walmart,,,,,
HW Hot Trucks,2023,10/10,Land Rover Defender 90,227/250,11-22,New on card,Dollar Tree,,,,,
HW Hot Trucks,2024,2/10,2019 Ford Ranger Raptor,43/250,,New on card,Dollar Tree,,,2,,
HW Hot Trucks,2024,1/10,Volkswagen T2 Pickup,42/250,,New on card,Dollar Tree,,,2,,
HW Hot Trucks,2024,4/10,1973 Jeep J10,91/250,,New on card,Walmart,,,2,,K&N
HW Hot Trucks,2024,5/10,Land Rover Series II,92/250,,New on card,Publix,,,,,
HW Hot Trucks,2024,6/10,Custom 1972 Chevy LUV,118/250,,New on card,Dollar Tree,,,,,
HW Hot Trucks,2024,8/10,1952 Chevy,139/250,,New on card,Publix,,,,,
HW Hot Trucks,2024,9/10,1963 Studebaker Champ,155/250,,New on card,Mommy,,,,,
HW Hot Trucks,2024,10/10,2022 Ford Maverick Custom,196/250,,New on card,Target,,,,,
HW J-Imports,2022,10/10,Honda Civic Custom,204/250,08-22,New on card,Dollar General,,,,,
HW J-Imports,2022,9/10,Nissan Skyline HT 2000GT-X,187/250,04-22,New on card,Flea Market,,,,,
HW J-Imports,2023,1/10,Nissan Patrol Custom,20/250,08-22,New on card,Dollar General,,,,,
HW J-Imports,2023,4/10,Nissan Maxima Drift Car,41/250,09-22,New on card,Dollar Tree,,,,Nissan Maxima Drift Car (HW J-Imports) [red].JPG,
HW J-Imports,2023,2/10,Subaru WRX STI,21/250,,New on card,Target,https://hotwheels.fandom.com/wiki/Subaru_WRX_STI,,,,
HW J-Imports,2023,2/10,Subaru WRX STI,21/250,,New on card,Target,https://hotwheels.fandom.com/wiki/Subaru_WRX_STI,,,Subaru WRX STI (HW J-Imports 2023) [gray].JPG,
HW J-Imports,2023,4/10,Nissan Maxima Drift Car,41/250,09-22,New on card,Grandpa,,,,Nissan Maxima Drift Car (HW J-Imports) [blue].JPG,
HW J-Imports,2023,7/10,1990 Honda Civic EF,96/250,11-22,New on card,Dollar General,,,,,
HW J-Imports,2023,6/10,1986 Toyota Van,95/250,11-22,New on card,Dollar General,,,,,
HW J-Imports,2023,5/10,Nissan Skyline GT-R [R32],69/250,,New on card,Walmart,,,,,Godzilla
HW J-Imports,2023,8/10,1973 Honda Civic Custom,117/250,,New on card,Family Dollar,,,,,
HW J-Imports,2023,3/10,2023 Nissan Z,46/250,,New on card,Family Dollar,,,2,,
HW J-Imports,2023,10/10,1988 Honda CR-X,148/250,,New on card,Family Dollar,,,,,
HW J-Imports,2024,1/10,Nissan Skyline RS [KDR30],44/250,,New on card,Dollar Tree,,,,,
HW J-Imports,2024,1/10,Nissan Skyline RS [KDR30],44/250,,Opened,Dollar Tree,,,,,
HW J-Imports,2024,1/10,Nissan Skyline RS [KDR30],44/250,,New on card,Walmart,,,,Green,
HW J-Imports,2024,2/10,Honda Civic Si,45/250,,New on card,Dollar Tree,,,2,,
HW J-Imports,2024,2/10,Honda Civic Si,45/250,,New on card,Family Dollar,,,,Honda Civic Si (HW J-Imports 2024) [white].JPG,
HW J-Imports,2024,5/10,Nissan Skyline GT-R [BCNR33],96/250,,New on card,Dollar Tree,,,,,Godzilla
HW J-Imports,2024,7/10,Mazda RX-3,156/250,,New on card,Mommy,,,,,Tooned
HW Legends Tour,2022,1/6,Custom 1971 El Camino,,,New in 6-pack,Ross,,,,,
HW Legends Tour,2022,2/6,1967 Pontiac GTO,,,New in 6-pack,Ross,,,,,
HW Legends Tour,2022,3/6,2005 Ford Mustang,,,New in 6-pack,Ross,,,,,
HW Legends Tour,2022,4/6,Baja Truck,,,New in 6-pack,Ross,,,,,
HW Legends Tour,2022,5/6,Rip Rod,,,New in 6-pack,Ross,,,,,
HW Legends Tour,2022,6/6,2013 Hot Wheels Chevy Camaro Special Edition,,,New in 6-pack,Ross,,,,,
HW Mega Bite,2024,1/5,Shark Bite,18/250,,Opened,Mommy,,,,,
HW Mega Bite,2024,1/5,Shark Bite,18/250,,Opened,Family Dollar,,,,Shark Bite (HW Mega Bite 2024) [red].JPG,Hot Wheels Let’s Race
HW Mega Bite,2024,3/5,Hotweiler,66/250,,Opened,Walmart,,,,,
HW Mega Bite,2024,4/5,Piranha Terror,87/250,,Opened,Target,,,,,Hot Wheels Let’s Race
HW Mega Bite,2024,5/5,T-Rextroyer,114/250,,Opened,Walmart,,,,,Hot Wheels Let’s Race
HW Metro,2021,4/10,Surfin’ School Bus,55/250,10-20,Opened,Trade,,,,,
HW Metro,2022,1/10,Mighty K,5/250,,New on card,Family Dollar,,,,,
HW Metro,,2/10,Fast Gassin’,6/250,04-22,Opened,Dollar General,,,,,
HW Metro,2022,9/10,Ain’t Fare,77/250,04-22,Opened,Dollar General,,,,,Bus
HW Metro,2019,5/10,Heavy Hitcher,129/250,,Opened,Flea Market,,,,,
HW Metro,2023,5/10,Solar Reflex,136/250,,New on card,Target,,,,,
HW Metro,,2/10,Dodge Charger Drift,54/250,,New on card,Family Dollar,,,,,
HW Metro,2023,7/10,Trouble Decker,202/250,,Opened,Walmart,,,,,
HW Metro,2022,10/10,Cockney Cab II,102/250,12-21,New on card,Flea Market,,,2,,
HW Metro,2023,8/10,Time Shifter,198/250,,New on card,Dollar Tree,,TH,2,,
HW Metro,2023,1/10,Hot Wheels High,53/250,,Opened,Dollar General,,,,,Bus
HW Metro,2023,1/10,Hot Wheels High,53/250,,Opened,Walmart,,,,Hot Wheels High (HW Metro 2023) [yellow].JPG,Bus
HW Metro,2024,3/10,5 Alarm,125/250,,Opened,Dollar General,,,,,Fire truck
HW Metro,2024,3/10,5 Alarm,125/250,,Opened,Walmart,,,,5 Alarm (HW Metro 2024) [Blue].JPG,Hot Wheels Let’s Race / Fire truck
HW Metro,2024,5/10,Speed Dozer,147/250,,New on card,Mommy,,,,,Hot Wheels Let’s Race
HW Metro,2024,7/10,Honda Super Cub Custom,159/250,,New on card,Walmart,,TH,,,Motorcycle
HW Metro,2024,10/10,Kowloon’d Hypervan,187/250,,Opened,Walmart,,,,,Hot Wheels Let’s Race
HW Modified,,2/5,1970 Pontiac Firebird,18/250,08-22,New on card,Dollar General,,,,,
HW Modified,,5/5,2015 Mazda MX-5 Miata,114/250,11-22,New on card,Family Dollar,,,,,
HW Modified,,5/5,2015 Mazda MX-5 Miata,114/250,,Used,,,,,,Keychain
HW Modified,2023,3/5,2018 Bentley Continental GT3,44/250,,New on card,Family Dollar,,,,,
HW Modified,2023,3/5,2018 Bentley Continental GT3,44/250,,New on card,,,,,2018 Bentley Continental GT3 (HW Modified 2023) [silver].JPG,
HW Modified,2023,1/5,LB Super Silhouette Nissan Silvia (S15),17/250,,New on card,Family Dollar,,,2,,Liberty Walk
HW Modified,2024,4/10,Drift’n Break,35/250,,New on card,Mommy,,,,,
HW Modified,2024,7/10,Custom 1968 Camaro,81/250,,New on card,Dollar Tree,,,,,
HW Modified,2024,10/10,BMW M3 Wagon,138/250,,New on card,Publix,,,2,,
HW Race Day,,9/10,Roborace Robocar,161/250,2019,New on card,Flea Market,,,,,
HW Race Day,2024,5/10,Shelby Cobra Daytona Coupe,122/250,,New on card,Dollar Tree,,,2,,Gulf
HW Race Day,2024,6/10,Jaguar MK1,127/250,,New on card,Publix,,,,,
HW Race Day,2024,8/10,1967 Lotus Type 49,188/250,,New on card,Walmart,,,,,
HW Race Day,2024,9/10,Formula E Gen3,193/250,,New on card,Walmart,,,,,
HW Race Team,,1/5,Grand Cross,192/250,2019,Opened,Flea Market,,,,,
HW Raceday,,9/10,DAVancenator,140/250,12-20,Opened,Flea Market,,,,,
HW Racing,,,Loop Coupe,109/250,3582N,New on card,Flea Market,,,,,
HW Rescue,2017,1/10,HW Pursuit,,3536N,New on card,Flea Market,https://hotwheels.fandom.com/wiki/HW_Pursuit,TH,,,
HW Rescue,,2/10,Lethal Diesel,121/250,,New on card,Family Dollar,,,,,
HW Rescue,,3/10,Snow Stormer,145/250,,New on card,Family Dollar,,,,,
HW Rescue,,4/10,Ford Mustang GT Concept,188/250,04-22,New on card,Dollar General,,,,,
HW Rescue,2019,3/10,1971 Porsche 911,122/250,,New in 50-pack,OfferUp,https://hotwheels.fandom.com/wiki/'71_Porsche_911,,,,
HW Rescue,2023,3/10,2010 Camaro SS,203/250,,New on card,Dollar Tree,https://hotwheels.fandom.com/wiki/'10_Camaro_SS,,,,
HW Rescue,2023,6/10,Surf Duty,230/250,,New on card,Dollar Tree,,,,,
HW Rescue,2023,4/10,2018 Honda Civic Type R,215/250,,New on card,Walmart,,,,,
HW Reverse Rake,2024,2/5,1955 Chevy Bel Air Gasser,63/250,,New on card,Dollar Tree,,,,,
HW Ride-Ons,2022,5/5,Kick Kart,90/250,11-21,Opened,Dollar General,,,,,
HW Ride-Ons,2024,1/5,Grass Chomper,93/250,,Opened,Dollar Tree,,,,,Hot Wheels Let’s Race
HW Ride-Ons,2024,3/5,Tanknator,119/250,,New on card,Walmart,,,,,
HW Ride-Ons,2024,4/5,Draggin’ Wagon,141/250,,New on card,Publix,,TH,2,,Hot Wheels Let’s Race
HW Roadsters,,4/5,Rrroadster,154/250,2017,Opened,Flea Market,https://hotwheels.fandom.com/wiki/RRRoadster,,,,Best for Track
HW Roadsters,2019,4/5,Rrroadster,154/250,,Used,Marketplace,https://hotwheels.fandom.com/wiki/RRRoadster,,,,Came with Launch Box
HW Roadsters,2023,2/10,2017 Pagani Huayra Roadster,13/250,,New on card,Family Dollar,,,,,
HW Roadsters,2023,2/10,2017 Pagani Huayra Roadster,13/250,,New (open),Family Dollar,,,,,
HW Roadsters,2023,4/10,Corvette C7 Z06 Convertible,34/250,09-22,New on card,Walmart,,,,Corvette C7 Z06 Convertible (HW Roadsters 2023) [red].JPG,
HW Roadsters,2023,4/10,Corvette C7 Z06 Convertible,34/250,09-22,New on card,Walmart,,,,,
HW Roadsters,2023,8/10,1972 Stingray Convertible,132/250,,New on card,Walmart,,,,,
HW Roadsters,2023,6/10,McLaren Elva,82/250,11-22,New on card,Dollar Tree,https://hotwheels.fandom.com/wiki/McLaren_Elva,,,,
HW Roadsters,2023,10/10,BMW i8 Roadster,156/250,,New on card,Dollar Tree,,,,,
HW Roadsters,2023,7/10,Dodge Viper RT/10,131/250,,New on card,Dollar Tree,,,,,
HW Roadsters,2024,3/5,1970 Plymouth Barracuda,20/250,,New on card,Dollar Tree,,,,,
HW Roadsters,2024,3/5,1970 Plymouth Barracuda,20/250,,New on card,Publix,,,,1970 Plymouth Barracuda (HW Roadsters 2024) [red].JPG,
HW Roadsters,2023,1/10,Roadster Bite,12/250,,Opened,Dollar General,,,,,Best for Track
HW Roadsters,2024,5/5,2015 Jaguar F-Type Project 7,116/250,,New on card,Walmart,,,,,
HW Rolling Metal,2024,1/5,Shelby Cobra 427 S/C,181/250,,New on card,Target,,,2,,
HW Rolling Metal,2024,2/5,1949 Drag Merc,215/250,,New on card,Target,,,,,
HW Screen Time,2017,1/10,UNSC Warthog,2/365,1996N,New on card,Flea Market,,,,,HALO
HW Screen Time,2017,10/10,K.I.T.T.,3/365,2486N,New on card,Flea Market,,,,,Knight Rider
HW Screen Time,2021,6/10,Rally Baja Crawler,141/250,2001,New on card,Flea Market,,,,,Fast & Furious  - Spy Racers
HW Screen Time,2022,6/10,Aston Martin Valhalla Concept,103/250,01-22,New on card,Flea Market,,,,,60 Years of Bond 007 - No Time to Die
HW Screen Time,2022,8/10,Back to the Future Time Machine,167/250,03-22,New on card,Flea Market,,,,,
HW Screen Time,2023,8/10,Corvette Grand Sport Roadster,154/250,,New on card,Dollar Tree,,,,,Fast & Furious
HW Screen Time,2019,9/10,Back to the Future Time Machine - Hover Mode,,,New in 50-pack,OfferUp,https://hotwheels.fandom.com/wiki/Back_to_the_Future_Time_Machine_-_Hover_Mode,,,,
HW Screen Time,2023,9/10,1956 Corvette,183/250,,New on card,Walmart,,,,,Barbie the Movie
HW Screen Time,2023,1/10,HW K.I.T.T. Concept,6/250,08-22,New on card,Dollar General,,,,,Knight Rider
HW Screen Time,2023,2/10,Standard Kart,29/250,09-22,New on card,Walmart,,,,,Mariokart
HW Screen Time,2023,10/10,2024 GMC Hummer EV,184/250,,New on card,Dollar Tree,,,,,Barbie the Movie
HW Screen Time,2023,6/10,The Beatles Yellow Submarine,127/250,,New on card,Family Dollar,,,,,
HW Screen Time,2023,4/10,Snoopy,78/250,,Opened,Dollar General,,,,,Peanuts
HW Screen Time,2024,6/10,Ice Charger,78/250,,New on card,Walmart,,,,,The Fate of the Furious
HW Screen Time,2024,7/10,Aston Martin 1963 DB5,107/250,,New on card,Dollar Tree,,,,,Goldfinger 60 Sixty Years
HW Screen Time,2024,9/10,Bumblebee,186/250,,Opened,Walmart,,,2,,Transformers
HW Showroom,,,1964 Corvette Sting Ray,204/250,2013,New on card,Flea Market,,ZAMAC,,,
HW Slammed,2023,2/5,Custom 1968 Camaro,228/250,,New (open),Walmart,,,,,
HW Slammed,2023,2/5,Custom 1968 Camaro,228/250,,New on card,Grandpa,,,,,
HW Slammed,2023,3/5,Layin' Lowrider,237/250,,New on card,Walmart,,,,,
HW Slammed,2023,4/5,Volvo 240 Drift Wagon,245/250,,New on card,Mommy,,,,,
HW Slammed,2023,5/5,1964 Lincoln Continental,246/250,,New on card,Mommy,,,,,
HW Space,2019,1/5,Dune-A-Soar,,,New in 50-pack,OfferUp,https://hotwheels.fandom.com/wiki/Dune-A-Soar,,,,
HW Speed Graphics,,6/10,1987 Dodge D100,128/250,11-19,New on card,Flea Market,,,,,K&N
HW Speed Graphics,,5/10,Toyota Off-Road Truck,78/365,2836N,New on card,Grandpa,,,,,
HW Speed Team,,3/5,La Fasta,48/250,07-22,Opened,Family Dollar,,,,,Best for Track
HW Speed Team,,2/5,Fast Fish,47/250,04-22,Opened,Dollar General,,,,,
HW Speed Team,2022,4/5,Mach It Go,71/250,08-22,Opened,Dollar General,,,,,Best for Track
HW Sports,2023,5/5,Rise ‘N Climb,146/250,,New on card,Family Dollar,,TH,2,,
HW the 80s,2023,8/10,DMC Delorean,101/250,11-22,New on card,Family Dollar,,,,,
HW the 80s,2023,3/10,1980 El Camino,26/250,,New on card,Dollar General,,,0,,
HW the 80s,2023,4/10,1989 Mazda Savanna RX-7 FC3S,51/250,11-22,New on card,Dollar Tree,,,,,
HW the 80s,2023,5/10,1988 Jeep Wagoneer,52/250,11-22,New on card,Dollar Tree,,,,,
HW the 80s,2023,6/10,1984 Corvette,74/250,11-22,New on card,Dollar General,,,,,
HW the 80s,2023,7/10,1982 Cadillac Seville,75/250,,New on card,Walmart,,,,,
HW the 80s,2023,10/10,1982 Toyota Supra,167/250,,New on card,Dollar Tree,,,,,
HW the 90s,2024,1/10,1996 Porsche Carrera,174/250,,New on card,Walmart,,,,,
HW the 90s,2024,2/10,1990 Acura NSX,175/250,,New on card,Walmart,,,,,
HW the 90s,2024,4/10,1992 BMW M3,195/250,,New on card,Target,,,,,
HW Tool-in-1,,1/5,Tooligan,31/250,1786N,Opened,Flea Market,,,,,
HW Track Champs,2023,1/5,Rally Speciale,40/250,,Opened,Target,,,,,Best for Track
HW Track Champs,2023,3/5,Group C Fantasy,89/250,,Opened,Dollar General,,,,,Best for Track
HW Track Champs,2024,1/5,Terra-Tracktyl,131/250,,Opened,Walmart,,,,,
HW Track Champs,2024,3/5,Bone Shaker,183/250,,New on card,Dollar Tree,,TH,,,
HW Track Champs,2024,4/5,Track Dwagon,189/250,,New on card,Walmart,,,,,Hot Wheels Let’s Race
HW Track Champs,2024,4/5,Track Dwagon,189/250,,New (open),Walmart,,,,,Hot Wheels Let’s Race
HW Track Champs,2024,4/5,Track Dwagon,189/250,,New on card,Walmart,,,,Track Dwagon (HW Track Champs 2024) [black].JPG,Hot Wheels Let’s Race
HW Track Champs,2024,5/5,Ravenger S/T,217/250,,Opened,Target,,,,,Hot Wheels Let’s Race
HW Turbo,2021,5/5,2017 Acura NSX,148/250,,New on card,Dollar General,,,,,
HW Turbo,2023,1/5,Pagani Zonda R,72/250,,New on card,Dollar Tree,https://hotwheels.fandom.com/wiki/Pagani_Zonda_R,,,,
HW Turbo,,3/5,Renault Sport R.S. 01,134/250,,New on card,Target,,,,,
HW Turbo,,3/5,Renault Sport R.S. 01,134/250,,Opened,Target,,,,,
HW Turbo,2023,2/5,Aston Martin Vantage GTE,98/250,,New on card,Flea Market,,,,Aston Martin Vantage GTE (HW Turbo 2023) [white].JPG,Gulf
HW Turbo,2023,2/5,Aston Martin Vantage GTE,98/250,,New on card,Dollar General,,,,,Gulf
HW Turbo,2023,4/5,1989 Mercedes-Benz 560 SEC AMG,150/250,,New on card,Family Dollar,,,,,
HW Turbo,2024,1/5,El Segundo Coupe,51/250,,Opened,Mommy,,,,,Unleashed 2 Turbocharged
HW Turbo,2024,3/5,Cadillac Project GTP Hypercar,123/250,,New on card,Walmart,,,,,
HW Turbo,2022,7/10,Cyber Speeder,137/250,,Opened,Flea Market,https://hotwheels.fandom.com/wiki/Cyber_Speeder,,,,
HW Turbo,2024,2/5,1987 Audi Quattro,102/250,,New on card,Dollar Tree,,,,,
HW Turbo,2024,4/5,Audi 90 Quattro,144/250,,New on card,Publix,,,2,,
HW Turbo,2024,5/5,Porsche 911 Rallye,172/250,,New on card,Target,,,,,
HW Vans,2024,3/5,Hot Wheels Ford Transit Connect,216/250,,New on card,Target,,TH,,,
HW Wagons,2023,1/5,2017 Audi RS 6 Avant,187/250,,New on card,Walmart,,,,,
HW Wagons,2022,3/5,Cruise Bruiser,201/250,04-22,New on card,Dollar General,,,,,
HW Wagons,2023,3/5,1964 Chevy Nova Wagon,222/250,,New on card,Target,,,,,
HW Wagons,2023,4/5,Datsun Bluebird Wagon [510],235/250,,New on card,Target,,,,,
HW Wagons,2022,5/5,1994 Audi Avant RS2,228/250,06-22,New on card,Dollar Tree,,,,,
HW Xtreme Sports,2024,4/5,Surfin’ School Bus,65/250,,Opened,Family Dollar,,,,,
Mainline,1996,,Police Cruiser,577,,Used,Gina,,,,,Auto-City Police
Mainline,1997,,Mercedes 300 TD,606,,Used,Gina,,,,,
Mainline,1990,,Hiway Hauler,24,,Used,Gina,,,,,Ocean Pacific Delivery
Mainline,1997,,Fire-Eater,82,,Used,Gina,,,,,Fire truck
Mainline,1998,,Road Rocket,860,1997,Opened,Flea Market,,,,,
Mainline,1998,,Hummer,858,,New on card,Flea Market,https://hotwheels.fandom.com/wiki/Humvee_(1992),,,,
Mainline,1999,,1931 Doozie,1097,,New on card,Flea Market,https://hotwheels.fandom.com/wiki/'31_Doozie,,,,
Mainline,2000,,Dodge Concept Car,167,,New on card,Flea Market,,,,,
Mainline,2000,,Jeepster,140/250,,New on card,Flea Market,https://hotwheels.fandom.com/wiki/Jeepster,,,,
Mainline,2000,,Sweet 16,220,2000,New on card,Flea Market,,,,,
Mainline,2001,,Pro Stock Firebird,096,,New on card,Flea Market,,,,,
Mainline,2002,,Ford GT-90,240,2002,New on card,Flea Market,https://hotwheels.fandom.com/wiki/Ford_GT-90,,,,
Mainline,2005,,Humvee,148,,New on card,Flea Market,,ZAMAC,,,
Mainline,2005,,Maelstrom,149,,New on card,Flea Market,https://hotwheels.fandom.com/wiki/Maelstrom,,,,
Mainline,2001,,Semi-Fast,235,,Opened,Flea Market,,,,,
Mainline,1982,,Mercedes 540K,,,Used,Marketplace,,,,,Missing top
Mainline,1986,,1931 Doozie,11,,Used,Marketplace,,,,,Missing top
Mainline,1988,,Thunderburner,,,Used,Marketplace,https://hotwheels.fandom.com/wiki/Thunderburner,,,,Bad axle
Mainline,2001,,Cabbin’ Fever,159,,Opened,Flea Market,https://hotwheels.fandom.com/wiki/Cabbin'_Fever_(2000),,,,
Mainline Classics,1989,,1935 Classic Caddy,44,,Used,Marketplace,,,,,
McDonald’s,1991,,1963 Split Window Corvette,,,Used,Marketplace,https://hotwheels.fandom.com/wiki/Split_Window_'63,,,,
Mud Runners,2023,3/5,2017 Ford F-150 Raptor,,,New on card,Walmart,,,,,
Mud Studs,2023,3/5,2017 Jeep Wrangler,126/250,01-22,New on card,Flea Market,,TH,,,
Mud Studs,2023,3/5,Mitsubishi Pajero Evolution,175/250,,New on card,Dollar Tree,,,,,
Mud Studs,2023,4/5,1995 Jeep Cherokee,176/250,,New on card,Dollar Tree,,TH,2,,
Mud Studs,,4/5,Range Rover Classic,159/250,06-22,New on card,Dollar Tree,,,,,
Mud Studs,2023,5/5,Volvo XC40 Recharge,201/250,,New on card,Walmart,,,,,
Multipack Exclusive,2019,,Porsche Cayman S,,,New in 50-pack,OfferUp,https://hotwheels.fandom.com/wiki/Porsche_Cayman_S,,,,
Multipack Exclusive,2019,,2012 Ford Fiesta,,,New in 50-pack,OfferUp,,,,,
Multipack Exclusive,2019,,Ollie Rocket,,,New in 50-pack,OfferUp,,,,,
Multipack Exclusive,2019,,Fish’d & Chip’d,,,New in 50-pack,OfferUp,https://hotwheels.fandom.com/wiki/Fish'd_&_Chip'd,,,,
Multipack Exclusive,2019,,Gazella R,,,New in 50-pack,OfferUp,https://hotwheels.fandom.com/wiki/Gazella_R,,,,
Multipack Exclusive,2019,,Hudson Hornet,,,New in 50-pack,OfferUp,https://hotwheels.fandom.com/wiki/'52_Hudson_Hornet,,,,
Multipack Exclusive,2019,,1971 Maverick Grabber,,,New in 50-pack,OfferUp,https://hotwheels.fandom.com/wiki/'71_Maverick_Grabber,,,,
Multipack Exclusive,2019,,Monteracer,,,New in 50-pack,OfferUp,https://hotwheels.fandom.com/wiki/Monteracer,,,,
Multipack Exclusive,2019,,Project Speeder,,,New in 50-pack,OfferUp,https://hotwheels.fandom.com/wiki/Project_Speeder,,,,
Multipack Exclusive,2019,,Grease Rod,,,New in 50-pack,OfferUp,https://hotwheels.fandom.com/wiki/Grease_Rod,,,,
Multipack Exclusive,2019,,Ford GT LM,,,New in 50-pack,OfferUp,https://hotwheels.fandom.com/wiki/Ford_GT_LM,,,,
Multipack Exclusive,2019,,1965 Pontiac GTO,,,New in 50-pack,OfferUp,https://hotwheels.fandom.com/wiki/'65_Pontiac_GTO,,,,
Multipack Exclusive,2019,,Monoposto,,,New in 50-pack,OfferUp,https://hotwheels.fandom.com/wiki/Monoposto,,,,
Multipack Exclusive,2019,,Pass’n Gasser,,,New in 50-pack,OfferUp,https://hotwheels.fandom.com/wiki/Pass'n_Gasser,,,,
Multipack Exclusive,2019,,Bedlam,,,New in 50-pack,OfferUp,https://hotwheels.fandom.com/wiki/Bedlam,,,,
Multipack Exclusive,2019,,Camaro Z-28,,,New in 50-pack,OfferUp,https://hotwheels.fandom.com/wiki/Camaro_Z-28,,,,
Multipack Exclusive,2019,,2014 Corvette Stingray Convertible,,,New in 50-pack,OfferUp,https://hotwheels.fandom.com/wiki/'14_Corvette_Stingray_Convertible,,,,
Multipack Exclusive,2019,,The Gov’ner,,,New in 50-pack,OfferUp,https://hotwheels.fandom.com/wiki/The_Gov'ner,,,,
Multipack Exclusive,2019,,Futurismo,,,New in 50-pack,OfferUp,https://hotwheels.fandom.com/wiki/Futurismo,,,,
Multipack Exclusive,2019,,Futurismo,,,Used,Goodwill,https://hotwheels.fandom.com/wiki/Futurismo,,,,
Multipack Exclusive,2019,,Fangster,,,New in 50-pack,OfferUp,https://hotwheels.fandom.com/wiki/Fangster,,,,
Multipack Exclusive,2019,,Corvette Stingray,,,New in 50-pack,OfferUp,,,,,
Multipack Exclusive,2019,,Triumph TR6,,,New in 50-pack,OfferUp,https://hotwheels.fandom.com/wiki/Triumph_TR6,,,,
Multipack Exclusive,2019,,1990 Acura NSX,,,New in 50-pack,OfferUp,https://hotwheels.fandom.com/wiki/'90_Acura_NSX,,,,
Multipack Exclusive,2019,,Avant Garde,,,New in 50-pack,OfferUp,https://hotwheels.fandom.com/wiki/Avant_Garde,,,,
Multipack Exclusive,2019,,Lamborghini Gallardo LP 560-4,,,New in 50-pack,OfferUp,https://hotwheels.fandom.com/wiki/Lamborghini_Gallardo_LP_560-4,,,,
Multipack Exclusive,2019,,2013 Viper SRT,,,New in 50-pack,OfferUp,https://hotwheels.fandom.com/wiki/2013_Viper_SRT,,,,
Multipack Exclusive,2019,,Torque Twister,,,New in 50-pack,OfferUp,https://hotwheels.fandom.com/wiki/Torque_Twister,,,,
Multipack Exclusive,2019,,Torque Twister,,,Used,Goodwill,https://hotwheels.fandom.com/wiki/Torque_Twister,,,,
Multipack Exclusive,2019,,Quick N Sik,,,New in 50-pack,OfferUp,https://hotwheels.fandom.com/wiki/Quick_n'_Sik,,,,
Multipack Exclusive,2019,,Custom 1941 Willys Coupe,,,New in 50-pack,OfferUp,https://hotwheels.fandom.com/wiki/Custom_'41_Willys_Coupe,,,,
Multipack Exclusive,2019,,Time Tracker,,,New in 50-pack,OfferUp,https://hotwheels.fandom.com/wiki/Time_Tracker,,,,
Multipack Exclusive,2019,,Fast FeLion,,,New in 50-pack,OfferUp,https://hotwheels.fandom.com/wiki/Fast_FeLion,ZAMAC,,Fast FeLion (Multipack Exclusive 2019) ZAMAC.JPG,
Multipack Exclusive,2019,,Dieselboy,,,New in 50-pack,OfferUp,https://hotwheels.fandom.com/wiki/Dieselboy,,,,
Multipack Exclusive,2019,,Porsche 911 GT2,,,New in 50-pack,OfferUp,https://hotwheels.fandom.com/wiki/Porsche_911_GT2,,,,
Multipack Exclusive,2019,,2011 Indy Oval Course Race Car,,,New in 50-pack,OfferUp,https://hotwheels.fandom.com/wiki/2011_IndyCar_Oval_Course_Race_Car,,,,
Multipack Exclusive,2019,,Carbonic,,,New in 50-pack,OfferUp,https://hotwheels.fandom.com/wiki/Carbonic,,,,
Multipack Exclusive,2019,,Carbonic,,,Used,Goodwill,https://hotwheels.fandom.com/wiki/Carbonic,,,,
Multipack Exclusive,2019,,Winning Formula,,,New in 50-pack,OfferUp,https://hotwheels.fandom.com/wiki/Winning_Formula,,,,
Multipack Exclusive,2019,,Mustang MACH 1,,,New in 50-pack,OfferUp,https://hotwheels.fandom.com/wiki/'70_Mustang_Mach_1,,,,
Multipack Exclusive,2019,,Audacious,,,New in 50-pack,OfferUp,https://hotwheels.fandom.com/wiki/Audacious,,,,
Multipack Exclusive,2019,,Prototype H24,,,New in 50-pack,OfferUp,https://hotwheels.fandom.com/wiki/Prototype_H-24,,,,
Multipack Exclusive,2019,,Midnight Otto,,,New in 50-pack,OfferUp,https://hotwheels.fandom.com/wiki/Midnight_Otto,,,,
Multipack Exclusive,2019,,Porsche 356A Outlaw,,,New in 50-pack,OfferUp,https://hotwheels.fandom.com/wiki/Porsche_356A_Outlaw,,,,
Multipack Exclusive,2019,,Ratical Racer,,,New in 50-pack,OfferUp,https://hotwheels.fandom.com/wiki/Ratical_Racer,,,,
Multipack Exclusive,2019,,MR11,,,New in 50-pack,OfferUp,https://hotwheels.fandom.com/wiki/MR11,,,,
Multipack Exclusive,2019,,Bone Shaker,,,New in 50-pack,OfferUp,https://hotwheels.fandom.com/wiki/Bone_Shaker,,,,
Multipack Exclusive,2019,,Fast FeLion,,,Used,Marketplace,https://hotwheels.fandom.com/wiki/Fast FeLion,,,,Came with Launch Box
Multipack Exclusive,2023,,Custom Volkswagen Beetle,,,New in 3-pack,Walmart,,,,,
Multipack Exclusive,2023,,1956 Ford Truck,,,New in 3-pack,Walmart,,,,,
Multipack Exclusive,2023,,Electro Silhouette,,,New in 3-pack,Walmart,,,,,
Muscle Mania,2023,10/10,Mod Speeder,206/250,,New on card,Walmart,,,,,
Muscle Mania,2023,4/10,1970 Dodge Hemi Challenger,123/250,11-22,New on card,Family Dollar,,,,,
Muscle Mania,2022,6/10,2015 Dodge Challenger SRT,235/250,07-22,New on card,Family Dollar,,,,,
Muscle Mania,2022,1/10,1965 Mustang 2+2 Fastback,192/250,08-22,New on card,Dollar General,,,,,
Muscle Mania,2022,2/10,1969 Copo Camaro,193/250,04-22,New on card,Dollar General,,,,,
Muscle Mania,2022,2/10,1969 Copo Camaro,193/250,08-22,New on card,Dollar General,,,,1969 Copo Camaro (Muscle Mania 2022) [yellow].JPG,
Muscle Mania,2022,9/10,Ford Shelby GT350R,249/250,,New on card,Dollar General,,,,,
Muscle Mania,2023,7/10,1971 Plymouth GTX,166/250,,New on card,Dollar Tree,,,,,
Muscle Mania,2022,10/10,1972 Ford Gran Torino Sport,250/250,08-22,New on card,Dollar General,,,,,
Muscle Mania,2023,2/10,Custom Ford Maverick,,,New on card,,,,,,
Muscle Mania,2023,6/10,2018 Dodge Challenger SRT Demon,151/250,,New on card,Family Dollar,,,,,
Muscle Mania,2023,6/10,2018 Dodge Challenger SRT Demon,151/250,,New on card,Family Dollar,,,,2018 Dodge Challenger SRT Demon (Muscle Mania 2023) [blue].JPG,
Muscle Mania,2023,9/10,1969 Shelby GT-500,195/250,,New on card,Family Dollar,,,,,
Muscle Mania,2024,1/5,1968 Dodge Dart,142/250,,New on card,Dollar General,,,,,
Muscle Mania,2024,3/5,1969 Mercury Cougar Eliminator,171/250,,New on card,Mommy,,,,,
Muscle Mania,2024,4/5,1977 Pontiac Firebird T/A,206/250,,New on card,Walmart,,,,,
Mystery Models,2019,,Silhouette,,,New in 50-pack,OfferUp,https://hotwheels.fandom.com/wiki/Silhouette_II,,,,
Nightburnerz,2019,1/10,1982 Nissan Skyline R30,,,New in 50-pack,OfferUp,https://hotwheels.fandom.com/wiki/'82_Nissan_Skyline_R30,,,,
Quarter Mile Heroes,2024,1/5,McLaren P1,165/250,,New on card,Mommy,,,,,
Quarter Mile Heroes,2024,2/5,2016 Bugatti Chiron,201/250,,New on card,Target,,,,,
Race World Cave 2010,,4/4,Sinistra,208/240,2489N,New on card,Flea Market,https://hotwheels.fandom.com/wiki/Sinistra,,,,
Rally Champs,2022,1/5,1984 Audi Sport Quattro,180/250,08-22,New on card,Dollar General,,,,,
Rally Champs,2022,2/5,Sand Burner,195/250,08-22,Opened,Dollar General,,,,,
Red Lines,2002,1/4,The Demon,103,,New on card,Flea Market,,ZAMAC,2,,
Reissues,1986,,Auburn 852,,,Used,Marketplace,,,,,
Retro Racers,2023,3/10,Mercedes-Benz 300 SL,27/250,09-22,New on card,Family Dollar,,,,,
Retro Racers,2023,4/10,Mazda 787B,28/250,,New on card,Walmart,,,,,
Retro Racers,2023,4/10,Mazda 787B,28/250,,New on card,Dollar General,,,,Mazda 787B (Retro Racers 2023) [black].JPG,
Retro Racers,2023,5/10,Matt and Debbie Hay’s 1988 Pro Street Thunderbird,56/250,,New on card,Walmart,,ZAMAC,,,
Retro Racers,2022,5/10,GT-Scorcher,59/250,04-22,New on card,Dollar General,,,,,
Retro Racers,2023,6/10,Audi 1990 Quattro,77/250,,New on card,Family Dollar,,,2,,
Retro Racers,2023,2/10,Dimachinni Veloce,5/250,,New on card,Target,,,,,
Retro Racers,2023,8/10,Porsche 911 Carrera RS 2.7,125/250,,New on card,Family Dollar,,,,,
Retro Racers,2023,9/10,1971 Porsche 911,126/250,,New on card,Walmart,,,,,
Retro Racers,2023,10/10,Alfa Romeo GTV6 3.0,185/250,,New on card,Dollar Tree,,,,,
Rocking’ Rods Series,1997,1/4,Twang Thang,569,1996,New on card,Flea Market,,,,,
Rod Squad,2021,3/5,Erikenstein Rod,120/250,11-20,New on card,Trade,,,,,
Rod Squad,2022,3/5,1968 El Camino,196/250,05-22,New on card,Dollar Tree,,,,,
Rod Squad,2022,2/5,Mod Rod,168/250,04-22,New on card,Grandpa,,,,,
Rod Squad,2022,2/5,Mod Rod,168/250,,New (open),,,,,,
Rod Squad,2022,4/5,Max Steel,224/250,07-22,New on card,Sissy,,,,,
Rod Squad,2022,4/5,Max Steel,224/250,,New (open),Publix,,,,,
Rod Squad,2024,1/5,Punk Rod,26/250,,New on card,Mommy,,,,,
Rod Squad,2024,1/5,Punk Rod,26/250,,New (open),Family Dollar,,,,,
Rod Squad,2024,4/5,Custom 1953 Chevy,100/250,,New on card,Dollar Tree,,TH,2,,
Rod Squad,2024,5/5,Hirohata Merc,143/250,,New on card,Mommy,,,,,
Rod Squadron,,3/4,Greased Lightnin’,067,,New on card,Flea Market,,,,,
Scrapheads,,5/5,Nash Metropolitan,157,2004,New on card,Flea Market,,,,,
Sky Show,,1/5,Airuption,19/250,08-22,Opened,Dollar General,,,,,
Space Series,1996,2/4,GM Lean Machine,390,,New on card,Flea Market,https://hotwheels.fandom.com/wiki/GM_Lean_Machine,,,,
Space Series,1996,3/4,Alien,391,,New on card,Flea Market,https://hotwheels.fandom.com/wiki/Alien,,,,
Speed Blur,,2/10,Rise ‘N Climb,132/250,2017,Opened,Flea Market,,,,,Best for Track
Speed Machines,1984,,T-Totaller,,,Used,Marketplace,,,,,
Spoiler Alert,2022,1/5,Track Manga,50/250,,New on card,Family Dollar,,,,,
Spoiler Alert,2022,2/5,DAVancenator,99/250,04-22,New on card,Dollar General,,,,,
Spoiler Alert,2022,3/5,2005 Ford Mustang,146/250,02-22,New on card,Family Dollar,,,,,
Spoiler Alert,2022,4/5,Track Ripper,164/250,02-22,New on card,CVS,,,,,
Spoiler Alert,2022,5/5,Custom 2018 Ford Mustang GT,175/260,04-22,New on card,Dollar General,,,,,
Spring Series,2023,2/5,1969 Camaro,,,New on card,Walmart,,,,,
Spring Series,2023,4/5,1965 Ford Mustang Convertible,,,New on card,Walmart,,,,,
Star-Spangled Series,,4/4,1968 El Camino,082,2002,New on card,Flea Market,,,0,,
Street Beasts,2022,4/5,Turtoshell,89/250,04-22,Opened,Dollar General,,,,,
Street Beasts,,7/10,Ratical Racer,91/250,2017,Opened,Flea Market,,,,,
Super Chromes,,5/10,Speed Slayer,323/365,1497N,Opened,Flea Market,,,,,
Super Chromes,2019,3/5,Speedbox,22/250,,New in 50-pack,OfferUp,https://hotwheels.fandom.com/wiki/Speedbox,,,,
Super Chromes,2016,2/10,Hot Wheels High,37/250,2365N,Opened,Trade,,,,,Bus
Surf’s Up,2023,2/5,Kool Kombi,49/250,,New on card,Dollar Tree,,,2,,Moon Eyes Volkswagen
Surf’s Up,2017,4/5,Surf Crate,100/365,3186N,Opened,Flea Market,,,,,
Sweet Rides,2023,5/5,Donut Drifter,129/250,,New on card,Dollar General,,TH,,,
Team: Rat Rods,,2/4,Dieselboy,126/196,2008,Opened,Flea Market,,,,,
Techno Bits,,1/4,Shadow Jet II,689,1997,New on card,Flea Market,,,,,
Techno Bits,,2/4,Power Pistons,690,,New on card,Flea Market,,,,,
Terrorific Series,,1/4,At-A-Tude,977,1999,New on card,Flea Market,,,,,
Terrorific Series,,2/4,Cat-A-Pult,978,1998,Opened,Flea Market,,,,,
Then and Now,2022,3/10,Dodge Viper RT/10,208/250,04-22,New on card,Dollar General,,,,,
Then and Now,2023,3/10,Toyota Land Cruiser 80,204/250,,New on card,Walmart,,,,,
Then and Now,2022,10/10,1981 Camaro,248/250,,New on card,Dollar General,,,,,
Then and Now,2023,1/10,Corvette C7 Z06,193/250,,New on card,Walmart,,ZAMAC,2,,
Then and Now,2023,7/10,2020 Dodge Charger Hellcat,231/250,,New on card,Publix,,,,,
Then and Now,2023,5/10,1962 Corvette,216/250,,New on card,Grandpa,,,,,
Then and Now,2023,4/10,2007 Ford Mustang,205/250,,New on card,Dollar Tree,,,,,
Then and Now,2023,8/10,1969 Dodge Charger 500,240/250,,New on card,Target,,,,,
Then and Now,2023,2/10,Toyota Land Cruiser,194/250,,New on card,Dollar Tree,,TH,3,,
Then and Now,2024,1/10,Nissan Skyline 2000GT-R LBWK,191/250,,New on card,Target,,,,,Liberty Walk
Then and Now,2024,3/10,Chevy Silverado,207/250,,New on card,Dollar General,,,,,
Then and Now,2024,4/10,Deora II,208/250,,New on card,Walmart,,,,,Hot Wheels Let’s Race
Then and Now,2024,5/10,1967 Ford GT40 Mk.IV,220/250,,New on card,Target,,,,,
Tooned,2020,3/10,1970 Volkswagen Baja Bug,126/250,,Opened,Flea Market,,,,,
Thrill Racers - Earthquake,2012,4/5,Mega-Duty,224/247,,Opened,Flea Market,https://hotwheels.fandom.com/wiki/Mega-Duty,,,,
Tooned,2021,3/5,1968 Mustang,40/250,,New on card,Flea Market,,,,,
Tooned,2023,1/5,Tooned Twin Mill,170/250,,Opened,Walmart,,,,,
Tooned,2023,1/5,Tooned Twin Mill,170/250,,Opened,Walmart,,,,Tooned Twin Mill (Tooned 2023) [yellow].JPG,Yellow
Tooned,2023,2/5,1970 Dodge Charger,153/250,,Opened,Target,,,,,
Tooned,2023,3/5,1994 Toyota Supra,211/250,,Opened,Walmart,,,,,Fast & Furious
Tooned,2023,4/5,Tooned Volkswagen Golf MK1,221/250,,New on card,Walmart,,TH,,,
Tooned,2023,5/5,Porsche 911 Turbo 3.6 (964),234/250,,Opened,Family Dollar,,,,,
Tooned,2024,3/5,Nissan Skyline 2000GT-R LBWK,213/250,,New on card,Target,,,,,Liberty Walk
Tooned,2024,5/5,Small Bloc,228/250,,New on card,Target,,,,,Hot Wheels Let’s Race
Track Stars,2020,5/5,Circle Trucker,131/250,2018,New on card,Flea Market,,TH,,,
Track Stars Haulers,2015,,Turbo Beast,,2018,New on card,Flea Market,https://hotwheels.fandom.com/wiki/Turbo_Beast,,,,
Track Stars Haulers,2023,,Rad Rider Rig,,,New on card,Ross,https://hotwheels.fandom.com/wiki/Rad_Rider_Rig,,,,
Treasure Hunts 2010,2010,1/12,Custom 1953 Cadillac,45/240,2010,New on card,Flea Market,https://www.hwtreasure.com/2010-super-treasure-hunts/custom-53-cadillac/,TH,,,
Tuners,,1/4,Ford Focus,063,2000,New on card,Flea Market,,,,,
Turbo Trax Set,1988,,Sol-Aire CX4,,,Used,Marketplace,,,,,Broken wheel
Ultra Hots,1984,,Sol-Aire CX4,,,Used,Marketplace,,,,,
Vintage American Muscle,2017,5/10,1965 Pontiac Bonneville,,J52,New on card,Flea Market,,,0,,
Vintage American Muscle,2023,7/8,Custom 1967 Pontiac Firebird,,S12A,New on card,Walmart,,,,,
Vintage American Muscle,2023,8/8,1979 Buick GSX,,S20A,New on card,Walmart,,,,,
Vintage American Muscle,2023,2/8,1969 Mercury Cougar Eliminator,,S20A,New on card,Walmart,,,,,
Vintage American Muscle,2023,5/8,1969 Dodge Charger,,S20A,New on card,Walmart,,,,,
Virtual Collection,,,Screamin’ Hauler,156,2000,Opened,Flea Market,,,,,
Virtual Collection,,,Super Modified,158,2000,New on card,Flea Market,,,,,
Virtual Collection,,,Super Modified,158,2000,New (open),Flea Market,,,,,
Virtual Collection,,,Lakester,168,2000,New on card,Flea Market,,,,,
Volkswagen,2022,1/8,Volkswagen T2 Pickup,,,New on card,Walmart,,,0,,
Volkswagen,2022,5/8,Volkswagen Caddy,,,New on card,Walmart,,,0,,
Volkswagen,2022,6/8,Custom Volkswagen Beetle,,,New on card,Walmart,,,0,,
Volkswagen,2022,2/8,Custom 1969 Volkswagen Squareback,,,New on card,Walmart,,,0,,
Volkswagen,2022,7/8,1949 Volkswagen Beetle Pickup,,,New on card,Walmart,,,0,,
Work Crewsers,2003,10/10,Fire-Eater,190,,Opened,Trade,,,,,Fire truck
X-Raycers,,1/4,Nerve Hammer,69/180,2007,Opened,Flea Market,,,,,
X-Raycers,,2/5,Loco Motorin’,99/250,11-20,Opened,Flea Market,,,,,Train
X-Raycers,,3/5,Turbine Sublime,189/250,04-22,Opened,Dollar General,,,,,
X-Raycers,2019,3/10,Gazella GT,11/250,,Used,Marketplace,https://hotwheels.fandom.com/wiki/Gazella GT,,,,Came with Launch Box
X-Treme Speed,1999,2/4,Callaway C7,,,Opened,Flea Market,,,,,
Dash 4 Cash,1998,4/4,Dodge Viper RT/10,724,,New on card,Flea Market,,,,,
Mainline,2003,,1963 Thunderbird,119,,New on card,Flea Market,https://hotwheels.fandom.com/wiki/'63_T-Bird,,0,,
Mainline,2000,,1956 Ford Truck,171,,New on card,Flea Market,https://hotwheels.fandom.com/wiki/'56_Ford_Truck,,,,
Mainline,2001,,Hummer,162,,New on card,Flea Market,https://hotwheels.fandom.com/wiki/Humvee_(1992),,2,,
Mainline,2006,,Tooned 1969 Camaro Z28,124,,New on card,Flea Market,,,,,
Mainline,2006,,Tooned 1969 Camaro Z28,124,,Opened,Flea Market,,,,,
Mainline,2002,29/126,Anglia Panel,143,,New on card,Flea Market,https://hotwheels.fandom.com/wiki/Anglia_Panel_Truck,,,,
Mainline,1994,,Shadow Jet II,246,,New on card,Flea Market,,,,,
Fast & Furious,2023,9/10,2020 Jeep Gladiator,,,New on card,Walmart,,,,,F9 The Fast Saga
Pro Racing: Basic,1997,,Ford Thunderbird,,,Used,Grandpa,https://hotwheels.fandom.com/wiki/T-Bird_Stocker_(1997),PREMIUM,,,T-Bird Stocker
Pro Racing: Basic,1997,,Chevrolet Monte Carlo,,,Used,Grandpa,https://hotwheels.fandom.com/wiki/Monte_Carlo_Stocker_(1996),,,,Monte Carlo Stocker
Mainline,1981,,Dixie Challenger,,,Used,Grandpa,https://hotwheels.fandom.com/wiki/Dixie_Challenger,,,,
Crazy Croc 5-pack,2006,5/5,Buzz Off,,,Used,Grandpa,https://hotwheels.fandom.com/wiki/Buzz_Off_(2004),,,,
Crazy Croc 5-pack,2006,3/5,Maelstrom,,,Used,Grandpa,https://hotwheels.fandom.com/wiki/Maelstrom,,,,
Mainline,2005,,2001 B Engineering Edonis,177,,Used,Grandpa,https://hotwheels.fandom.com/wiki/2001_B_Engineering_Edonis,,,,Based on the Bugatti EB 110
Hot Trucks 5-pack,2006,,Rockster,,,Used,Grandpa,https://hotwheels.fandom.com/wiki/Rockster,,,,
Terrordactyl 5-pack,2006,,Power Pistons,,,Used,Grandpa,https://hotwheels.fandom.com/wiki/Power_Pistons,,,,
Figure 8 Racers 5-pack,1998,,Chevy Stocker,,,Used,Grandpa,https://hotwheels.fandom.com/wiki/Chevy_Stocker,,,,Modeled after 1986 Chevrolet Monte Carlo Aerocoupe
Power Launcher pack,2000,,1967 Camaro,,,Used,Grandpa,https://hotwheels.fandom.com/wiki/'67_Camaro,,,,
Mainline,1984,,Blazer 4x4,6,,Used,Grandpa,https://hotwheels.fandom.com/wiki/Blazer_4×4,,,,Chevrolet
Circus On Wheels,2000,3/4,1940’s Ford 2-door,027,,Used,Grandpa,https://hotwheels.fandom.com/wiki/'40's_Ford_2-Door,,,,Also named Fat Fendered '40
Street Art,1999,4/4,School Bus,952,,Used,Grandpa,https://hotwheels.fandom.com/wiki/School_Bus,,,,
Color Racers 3-pack,1989,,Flame Runner,,,Used,Grandpa,https://hotwheels.fandom.com/wiki/Flame_Runner,,,,
Roll Patrol,2003,4/10,Saleen S7,157,,Used,Grandpa,https://hotwheels.fandom.com/wiki/Saleen_S7,,,,
Figure 8 Starter Set,1997,,Power Pipes,,,Used,Grandpa,https://hotwheels.fandom.com/wiki/Power_Pipes,,,,
Color Changers,1988,,Camaro Z-28,,,Used,Grandpa,https://hotwheels.fandom.com/wiki/Camaro_Z-28,,,,
McDonald’s,1996,,Roadster,,,Used,Grandpa,https://hotwheels.fandom.com/wiki/Roadster,,,,
Team: Ford Racing,2008,4/4,Deuce Roadster,144/196,,Used,Grandpa,https://hotwheels.fandom.com/wiki/Deuce_Roadster,,,,
McDonald’s,1994,2/8,Black Cat,,,Used,Grandpa,https://hotwheels.fandom.com/wiki/Black_Cat,,,,
McDonald’s,1994,7/8,Street Shocker,,,Used,Grandpa,https://hotwheels.fandom.com/wiki/Street_Shocker,,,,
McDonald’s,1998,5/8,Ford Stocker,,,Used,Grandpa,https://hotwheels.fandom.com/wiki/Ford_Stocker_(McDonald's),,,,Ronald NASCAR
McDonald’s,1998,8/8,Ford Stocker,,,Used,Grandpa,https://hotwheels.fandom.com/wiki/Ford_Stocker_(McDonald's),,,,50th Anniversary NASCAR
McDonald’s,2000,8/20,Future NASCAR Stock Car,,,Used,Grandpa,https://hotwheels.fandom.com/wiki/Future_NASCAR_Stock_Car,,,,
McDonald’s,2000,14/16,Hot Rod,,,Used,Grandpa,https://hotwheels.fandom.com/wiki/McDonald's_Hot_Rod,,,,
1998 First Editions,1998,,1940s Woodie,217,1998,New on card,Flea Market,,,,,
1998 First Editions,1998,22/40,Super Comp Dragster,655,,Opened,Flea Market,,,,,
1998 First Editions,1998,25/40,Tow Jam,,,Opened,Flea Market,https://hotwheels.fandom.com/wiki/Tow_Jam,,,,
1998 First Editions,1998,28/40,Chaparral 2,669,1998,New on card,Flea Market,,,,,
1998 First Editions,1998,33/40,Bad Mudder,662,,New on card,Flea Market,,,,,
1999 First Editions,1999,5/26,Olds Aurora GTS-1,911,1999,New on card,Flea Market,,,,,
1999 First Editions,1999,7/26,Pontiac Rageous,675,,Used,Grandpa,https://hotwheels.fandom.com/wiki/Pontiac_Rageous,,,,
1999 First Editions,1999,77/109,Humvee,1080,,New on card,Flea Market,https://hotwheels.fandom.com/wiki/Humvee_(1992),,,,
2000 First Editions,2000,5/36,Deora II,065,,New on card,Flea Market,,,2,,
2000 First Editions,2000,9/36,Phantastique,,2000,New on card,Flea Market,,,,,
2000 First Editions,2000,10/36,Thomassima 3,,2000,New on card,Flea Market,,,,,
2000 First Editions,2000,10/36,Thomassima 3,,,New (open),Flea Market,,,,,
2000 First Editions,2000,17/36,Anglia Panel Truck,077,2000,New on card,Flea Market,,,,,
2000 First Editions,2000,22/36,Cabbin’ Fever,082,,New on card,Flea Market,,,,,
2000 First Editions,2000,26/36,Shoe Box,086,2000,Opened,Flea Market,,,,,
2000 First Editions,2000,31/36,Roll Cage,091,,Opened,Flea Market,,,,,
2000 First Editions,2000,34/36,Arachnorod,094,2000,New on card,Flea Market,,,,,
2001 First Editions,2001,2/36,Surfin’ School Bus,014,,Opened,Trade,,,,,
2001 First Editions,2001,10/36,Shredster,022,,New on card,Flea Market,,,,,
2001 First Editions,2001,18/36,Hooligan,018,,New on card,Flea Market,,,,,
2002 First Editions,2002,22/42,Jaded,034,2002,New on card,Flea Market,,,,,
2002 First Editions,2002,40/42,Side Draft,052,2002,Opened,Flea Market,,,,,
2003 First Editions,2003,37/42,Ground FX,049,2002,New on card,Flea Market,,,,,
2004 First Editions,2004,60/100,Hummer H3T,060,2004,New on card,Flea Market,,,,,
2004 First Editions,2004,8/100,Tooned Toyota Supra,008,,Opened,Flea Market,,,,,
2004 First Editions,2004,12/100,Blings Dairy Delivery,012,,New on card,Flea Market,,,,,
2004 First Editions,2004,15/100,Blings Dodge Ram Pickup,015,,New on card,Flea Market,,,,,
2004 First Editions,2004,34/100,Blings Hummer H2,034,,New on card,Flea Market,,,,,
2004 First Editions,2004,48/100,Crooze Low Flow,049,2004,New on card,Flea Market,,,,,
2004 First Editions,2004,80/100,Dodge Tomahawk,080,,Opened,Flea Market,,,,,Motorcycle
2004 First Editions,2004,100/100,Cool-One,100,,New on card,Flea Market,,,,,
2004 First Editions,2004,94/100,Phantom Racer,094,,Opened,Flea Market,,,,,
2005 First Editions - Blings,2005,1/10,Chrysler 300C,031,,New on card,Flea Market,,,,,
2005 First Editions - Blings,2005,2/10,Ford Bronco Concept,032,,New on card,Flea Market,,,,,
2005 First Editions - Blings,2005,7/10,Hummer H3,037,,New on card,Flea Market,,,,,
2005 First Editions - Torpedoes,2005,7/10,Slider,047,2005,Opened,Flea Market,https://hotwheels.fandom.com/wiki/Slider,,,,
2006 First Editions,2006,17/38,Qombee,017,2006,New on card,Flea Market,,,,,
2007 All Stars,2007,,Flight 2003,185/223,2006,New on card,Flea Market,,,,,
2007 All Stars,2007,,Ford Shelby GR-1 Concept,206/223,2007,New on card,Flea Market,,,,,
2008 First Editions,2008,40/40,Twin Mill III,40/172,2007,New on card,Flea Market,,,,,
2008 New Models,2008,3/40,2007 Audi R8,3/196,,Used,Grandma,https://hotwheels.fandom.com/wiki/Audi_R8,,,,
2010 New Models,2010,24/44,Back Slider,24/240,0040N,Opened,Trade,,,,,
2010 New Models,2010,43/44,Dodge Charger Drift Car,43/240,3139N,New on card,Flea Market,,,,,
2012 New Models,2012,41/50,Blastous Moto,,1832N,Opened,Flea Market,,,,,Motorcycle
50th Anniversary,2018,2/6,Twin Mill,,2018,New on card,Flea Market,https://hotwheels.fandom.com/wiki/Twin_Mill,,,,
55th Anniversary Mix 2,2023,1/6,1967 Chevy C10,,,New on card,Walgreens,,,,,
55th Anniversary Mix 2,2023,2/6,Twin Mill,,,New on card,Walgreens,,,2,,
55th Anniversary Mix 2,2023,3/6,Mercedes-Benz Unimog U 1300,,,New on card,Publix,,Chase,,,
55th Anniversary Mix 2,2023,4/6,Porsche 993 GT2,,,New on card,Family Dollar,,,2,,
55th Anniversary Mix 2,2023,5/6,Custom 2001 Acura Integra GSR,,,New on card,Publix,,,,,
55th Anniversary Mix 2,2023,6/6,1967 Camaro,,,New on card,Walgreens,,,,,
56th Anniversary Mix 1,2024,2/6,Toyota Land Cruiser,,,New on card,,,,,,
56th Anniversary Mix 1,2024,3/6,2021 Ford Bronco,,,New on card,Mommy,,,,,
56th Anniversary Mix 1,2024,5/6,Custom 1970 Honda N600,,,New on card,,,,,,
56th Anniversary Mix 1,2024,6/6,Raijin Express,,,New on card,Mommy,,Chase,,,
Marvel Character Cars,2023,,Black Panther,,,New on card,Dollar Tree,,,,,
Pixar Character Cars,2022,,Dug,,,Opened,Mommy,,,,,
World Class Racers,2022,1/5,McLaren Senna,,,New on card,Flea Market,,,,,
Track Builder 5-pack,2018,4/5,Power Pistons,,,Used,Found,,,,,
Track Builder 5-pack,2018,5/5,24 Ours,,,Used,Found,,,,,
City 5-pack,2020,4/5,Scoopa Di Fuego,,,Used,Marketplace,https://hotwheels.fandom.com/wiki/Scoopa Di Fuego,,,,Came with Crash Track
Hot Wheels id: Factory Fresh,2019,3/6,1971 Lamborghini Miura P400 SV,,,Used,Marketplace,https://hotwheels.fandom.com/wiki/'71 Lamborghini Miura SV,ID,,,Came with Launch Box
Hot Wheels id: Factory Fresh,2019,6/6,2015 Jaguar F-Type Project 7,,,Used,Marketplace,https://hotwheels.fandom.com/wiki/'15 Jaguar F-Type Project 7,ID,,,Came with Launch Box
HW Fun Park 5-pack,2020,1/5,Boom Car,,,Used,Marketplace,https://hotwheels.fandom.com/wiki/Boom Car,,,,Came with Launch Box
HW Fun Park 5-pack,2020,4/5,Bump Around,,,Used,Marketplace,https://hotwheels.fandom.com/wiki/Bump Around,,,,Came with Launch Box
HW Fun Park 5-pack,2020,5/5,Bread Box,,,Used,Marketplace,https://hotwheels.fandom.com/wiki/Bread_Box,,,,Came with Launch Box
HW Fun Park 5-pack,2020,2/5,Pedal Driver,,,Used,Marketplace,https://hotwheels.fandom.com/wiki/Pedal_Driver,,,,Came with Launch Box
HW Metro,2024,8/10,Total Disposal,160/250,,Opened,Dollar General,,,,,
HW Ride-Ons,2024,5/5,Rink Racer,168/250,,Opened,Dollar General,,,,,
HW Modified,2024,6/10,McLaren Solus GT,70/250,,Opened,Mommy,,,,,
HW Screen Time,2024,2/10,U.S.S. Enterprise NCC-1701,4/250,,New on card,Dollar General,,,,,Star Trek
HW Dirt,2024,4/10,2020 Toyota Tacoma,198/250,,New on card,Target,,,,,
HW Dirt,2024,6/10,Lamborghini Huracan Sterrato,222/250,,New on card,Target,,,,,
Hot Wheels Let’s Race,2024,5/5,Duck N’ Roll,167/250,,Opened,Target,,,,,Hot Wheels Let’s Race / Glow in the dark
HWMT Crash Legends,2023,3/5,Mercedes-Benz Unimog,,,Opened,Walmart,,,,,
HWMT Back to Basics,2024,1/7,Duck N’ Roll,,,Opened,Dollar General,,Monster,,,
HWMT,2019,49/50,Psycho-Delic,,,Opened,Ross,,,,,Podium Crasher casting
HWMT Champion Crashers,2023,4/6,Race Ace,,,Opened,Walmart,,,,,
HWMT DC,2024,,Batman,,,Opened,Walmart,,,,,
HWMT HW Flames,2020,3/5,5 Alarm,,,Opened,,,,,,Fire truck
Color Shifters,2018,,Audacious,,,Used,Marketplace,,,,,Came with Ultimate Garage
Ultra Hots,2024,4/8,1973 BMW 3.0 CSL Race Car,,,Opened,Brother,,,,,
HW Dream Garage,2021,5/5,Deora II,144/250,,Opened,Flea Market,,TH,,,
HW Imagination,2012,,Angry Birds Minion,35/247,,New on card,Flea Market,,,,,
HW Glow Wheels,2016,8/10,Loop Coupe,53/250,,New on card,Flea Market,,,,,Best for Track / Glow in the dark
HW J-Imports,2021,3/10,1970 Toyota Celica,151/250,,New on card,Flea Market,,,,,
HW J-Imports,2024,7/10,Mazda RX-3,156/250,,Opened,Target,,,,[white],Tooned
HW J-Imports,2024,10/10,Toyota GR86 Cup,203/250,,New on card,Target,,,,,Toni Breidinger
2004 First Editions,2004,,Tooned Deora,25/100,,New on card,Flea Market,,,,,
HW Metro,,9/10,Ain’t Fare,77/250,,New on card,Flea Market,,,,,Bus
HW City,2014,,Surfin’ School Bus,3/250,,New on card,Flea Market,,,,,Bus
HW City,2014,,Surfin’ School Bus,3/250,,New on card,Flea Market,,,,,Bus
HW City Works,2017,10/10,Hot Wheels High,93/365,,New on card,Flea Market,,,,,Best for Track / Bus
Neon Speeders,2023,7/8,Rally Cat,,,New on card,Flea Market,,,,,
Tesla: Greetings from Space,2019,,2008 Tesla Roadster,,,New on card,Flea Market,,,,,
HW Rescue,2023,1/10,Lightnin' Bug,179/250,,Opened,Dollar General,,,,,Best for Track
HW Track Champs,2023,5/5,Rollin' Solo,133/250,,Opened,Dollar General,,,,,Best for Track
HW Extreme Sports,2024,4/5,Surfin' School Bus,65/250,,Opened,Target,,,,,Bus
HW Rescue,2019,7/10,5 Alarm,172/250,,Opened,Flea Market,,,,,Fire truck
Muscle Mania,2024,5/5,Aston Martin DB4GT High-Speed Edition,219/250,,New on card,Publix,,,,,
HW the 90s,2024,8/10,Toyota Supra,232/250,,New on card,Publix,,,,,
Safari Mode,2025,1/5,Lamborghini Huracan Sterrato,41/250,,New on card,Walmart,,,,,
HW J-Imports,2025,3/5,Subaru BRZ,48/250,,New on card,Walmart,,,,,
HW the 90s,2024,10/10,1998 Subaru Impreza 22B-STi Version,244/250,,New on card,Walmart,,,,,
HW Modified,2025,1/5,2022 Ford Maverick Custom,49/250,,New on card,Walmart,,,,,
Mustang 60,2025,1/5,Ford Mustang GTD,34/250,,New on card,Walmart,,,,,
Rod Squad,2025,3/10,1955 Chevy,45/250,,New on card,Walmart,,,,,
Hot Wheels Let’s Race,2025,1/5,Super Twin Mill,19/250,,New on card,Walmart,,,,,Hot Wheels Let’s Race
Then and Now,2024,10/10,Ford Mustang Dark Horse,250/250,,New on card,Walmart,,,,,
Then and Now,2024,5/10,1967 Ford GT40 Mk.IV,220/250,,New on card,Walmart,,ZAMAC,,,
HW Screen Time,2024,9/10,Bumblebee,186/250,,New on card,Walmart,,,,Bumblebee (HW Screen Time 2024) [golden].JPG,Transformers
HW Rolling Metal,2025,5/5,Hi-Roller II,247/250,,New on card,Walmart,,,,,
HW J-Imports,2025,1/5,Nissan Skyline 2000GT-R LBWK,26/250,,New on card,Walmart,,,,,Liberty Walk
HW Art Cars,2024,9/10,Speed Bump,163/250,,New on card,Family Dollar,,,,,
HW Vans,2024,5/5,Dodge Van,248/250,,New on card,Walmart,,,,,
X-Raycers,2025,1/10,Nerve Hammer,13/250,,New on card,Walmart,,,,,
HW Dream Garage,2025,2/5,Mazda MX-5 Miata,1/250,,New on card,Walmart,,,,,Hot Wheels Legends Tour Winner
HW Vans,2024,4/5,VW T3 Custom,227/250,,New (open),Walmart,,,,,Volkswagen
Compact Kings,2022,3/5,Rocket Box,69/250,,Opened,Dollar General,,,,,
Track Stars,2020,4/5,Nerve Hammer,100/250,,Opened,,,,,,
2004 First Editions,2004,,Blings Hyperliner,13/100,,Opened,Mommy,,,,,
Tooned,2024,1/5,1970 Dodge Charger,161/250,,Opened,,,,,,Fast & Furious
Spider-Man Web-Car Launcher,2017,,Web-Car,,,Used,Community Thrift,https://hotwheels.fandom.com/wiki/Web-Car,,,,
Police Pursuit 5-pack,2019,4/5,Speed Trap,,,Used,Community Thrift,,,,,
HW Zombies 5-pack,2021,1/5,Chevy Blazer 4x4,,,Used,Community Thrift,,,,,
Mainline,1998,,1957 Chevy,787,,Used,Goodwill,,,,,
HW Sports,2018,10/10,Track Manga,295/265,,Used,Goodwill,,,,,
HW Hot Trucks 5-pack,2018,1/5,1982 VW Caddy Pickup,,,Used,Goodwill,,,,,
HW Hot Trucks 5-pack,2018,2/5,Custom 1956 Ford Truck,,,Used,Goodwill,,,,,
HW Hot Trucks 5-pack,2018,3/5,Sandblaster,,,Used,Goodwill,,,,,
HW Hot Trucks 5-pack,2018,4/5,1967 Chevy C10,,,Used,Goodwill,,,,,
HW Hot Trucks 5-pack,2018,5/5,Chevy Silverado,,,Used,Goodwill,,,,,
2009 New Models,2009,2/42,Circle Tracker,2/190,,Used,Goodwill,,,,,
Minion Character Cars,2020,4/6,Minion Bob,,,Used,Goodwill,,,,,
Web Trading Cars,2008,24/24,Brutalistic,100/196,,Used,Goodwill,,,,,
Compact Kings,2022,2/5,VW Bug,42/250,,Used,Goodwill,,,,,
Flaming Hot Wheels,2003,3/5,Pony-Up,062,,Used,Goodwill,,,,,
Spring,2019,5/6,Nerve Hammer,,,Used,Goodwill,,,,,
HW Glow Wheels,2017,5/10,24 Ours,189/366,,Used,Goodwill,,,,,
HW Designs,2009,8/10,Pony-Up,104/190,,Used,Goodwill,,,,,
HW Art Cars,2020,6/10,La Fasta,114/250,,Used,Goodwill,,,,,
2008 New Models,2008,8/40,Corvette Grand Sport,8/196,,Used,Goodwill,,,,,
Car Meet 5-pack,2018,5/5,Subaru Impreza WRX,,,Used,Goodwill,,,,,
Car Meet 5-pack,2018,2/5,Mitsubishi Eclipse Concept Car,,,Used,Goodwill,,,,,
Car Meet 5-pack,2018,3/5,BMW M3,,,Used,Goodwill,,,,,
Car Meet 5-pack,2018,4/5,1955 Chevy Bel Air Gasser,,,Used,Goodwill,,,,,
Car Meet 5-pack,2018,1/5,1999 Ford Mustang,,,Used,Goodwill,,,,,
Web Trading Cars,2008,1/24,Chevy Camaro Concept,77/196,,Used,Goodwill,,,,,
Multipack Exclusive,2014,,Fast Fish,,,Used,Goodwill,,,,,
2006 First Editions,2006,12/38,2005 Dodge Viper,012,,Used,Goodwill,,,,,
2009 New Models,2009,11/42,2009 Ford F-150,11/190,,Used,Goodwill,,,,,
Modified Rides,2009,8/10,1940 Ford,164/190,,Used,Goodwill,,,,,
World Racers 5-pack,2009,2/5,Lamborghini Countach,,,Used,Dima,https://hotwheels.fandom.com/wiki/25th Anniversary Lamborghini Countach,,,,
2011 New Models,2011,38/50,Twinduction,38/244,,Used,Dima,,,,,
Track Stars,2011,6/15,Formula Street,,,Used,Dima,,,,,
Multipack Exclusive,2010,,Triumph TR6,,,Used,Dima,,,,,
HW City Works 5-pack,2009,3/5,Flame Stopper,,,Used,Dima,,,,,Fire truck
Track Set,2020,,Burl-Esque,,,Opened,Isa,,,,,
DC Character Cars,2018,,Harley Quinn,,,Used,Flea Market,,,,,
HW Rescue,2016,10/10,Backdrafter,220/250,,Used,Flea Market,,,,,
57th Anniversary Mix 1,2025,6/6,Baja Bison T5,,,New on card,Publix,,Chase,,,
57th Anniversary Mix 1,2025,1/6,Volkswagen Baja Bug,,,New on card,Publix,,,,,
Track Builder 5-pack,2017,3/5,CUL8R,,,Opened,Grandpa,,,,,
X-Raycers,2021,3/5,Forward Force,128/250,,Opened,Grandpa,,,,,
Nightburnerz 5-pack,2024,4/5,2018 Copo Camaro SS,,,Opened,Grandpa,,,,,
Nightburnerz 5-pack,2024,1/5,1967 Shelby GT500,,,Opened,Grandpa,,,,,
Nightburnerz 5-pack,2024,2/5,Nissan 300ZX Twin Turbo,,,Opened,Grandpa,,,,,
Nightburnerz 5-pack,2024,3/5,Renault Megane Trophy,,,Opened,Grandpa,,,,,
Nightburnerz 5-pack,2024,5/5,Gazella R,,,Opened,Grandpa,,,,,
Car Meet 5-pack,2023,1/5,Custom 2018 Ford Mustang GT,,,Opened,Grandpa,,,,,
Car Meet 5-pack,2023,2/5,Big-Air Bel-Air,,,Opened,Grandpa,,,,,
Car Meet 5-pack,2023,3/5,Aristo Rat,,,Opened,Grandpa,,,,,
Car Meet 5-pack,2023,4/5,2013 Copo Camaro,,,Opened,Grandpa,,,,,
Car Meet 5-pack,2023,5/5,Muscle and Blown GRX50,,,Opened,Grandpa,,,,,
Monster Truck + Car pack,2020,,Bone Shaker,,,Opened,Grandpa,,,,,
Street Beasts,2017,9/10,Howlin' Heat,2/365,,Opened,Grandpa,,,,,
Action 5-pack,2020,,Carbonic,,,Opened,Grandpa,,,,,
Action 5-pack,2020,,High Voltage,,,Opened,Grandpa,,,,,
Car Culture: Slide Street 2,2024,1/5,2023 Nissan Z,,,Opened,Grandpa,,PREMIUM,,,
2006 First Editions,2006,1/38,1970 Plymouth Superbird,001,,Opened,Grandpa,,,,,
HW First Response,2025,5/5,Rapid Pulse,137/250,,Opened,Grandpa,,,,,
HW First Response,2025,5/5,Rapid Pulse,137/250,,New on card,,,,,,
Muscle Mania,2025,1/10,1971 Dodge Challenger,131/250,,Opened,Grandpa,,,,,
Mystery Models,2025,7/10,Project Speeder,,,Opened,Grandpa,,,,,
Mystery Models,2025,5/10,Pharodox,,,Opened,Grandpa,,,,,
1998 First Editions,1998,29/40,Mustang MACH 1,,,Opened,Grandpa,,,,,
HW Designed By,2025,5/5,Monster Dairy Delivery,133/250,,Opened,Grandpa,,,,,
HW Designed By,2025,2/5,Fish’d & Chip’d,32/250,,New on card,Publix,,TH,,,
Fire Squad,1996,3/4,Flame Stopper,426,,Opened,Grandpa,,,,,
Factory Fresh,2025,1/5,Morgan Super 3,15/250,,Opened,Family Dollar,,,,,
HW Metro,2025,4/5,Maserati Shamal,58/250,,Opened,Grandpa,,,,,
HW Modified,2025,1/5,Punk Rod,71/250,007,New on card,Walmart,,ZAMAC,2,,
HW Modified,2025,5/5,Renault Espace F1,172/250,,Opened,Grandpa,,,,,
HW EV,2025,1/10,Tesla Model S Plaid,9/250,,Opened,Grandpa,,,,,
HW J-Imports,2025,5/5,1985 Honda City Turbo II,141/250,,New on card,Family Dollar,,TH,2,,
Then and Now,2025,2/10,Range Rover Velar,122/250,,New on card,,,,,,
HW 70s vs 90s,2025,5/10,BMW 2002,77/250,,New on card,,,,,,
HW Green Speed,2024,10/10,Ford Mustang Mach-E 1400,129/250,,New on card,Family Dollar,,TH,,,
Then and Now,2024,8/10,LB-Silhouette Works GT Nissan 35-GT Ver2,242/250,,New on card,Family Dollar,,,,,
Then and Now,2024,7/10,2016 Ford GT Race,229/250,,New on card,,,,,,
Baja Blazers,,9/10,Volkswagen Baja Bug,241/250,,New on card,,,TH,,,
HW First Response,2024,2/10,1947 Chevy Fleetline,8/250,,New on card,,,TH,,,
HW Hot Trucks,2025,6/10,1975 Datsun Sunny Truck (B120),93/250,,New on card,,,,,,
HW Metro,2025,5/5,Cone Shaker,148/250,,Opened,Mommy,,,,,Hot Wheels Let’s Race
HW Ride-Ons,2025,5/5,Pixel Shaker,138/250,,Opened,Mommy,,,,,Hot Wheels Let’s Race
HW Celebration Racers,2025,6/10,Mattel Dream Mobile,167/250,,New on card,Mommy,,,,,80th Mattel Anniversary
HW Moto,2025,1/5,Honda CB750 Cafe,150/250,,Opened,Dollar Tree,,,,,Motorcycle
HW Moto,2025,1/5,Honda CB750 Cafe,150/250,,Opened,Grandpa,,,,Honda CB750 Cafe (HW Moto 2025) [blue].JPG,Motorcycle
Muscle Mania,2025,4/10,Ravenger S/T,207/250,,Opened,Grandpa,,,,,
Then and Now,2025,7/10,Ford Mustang Dark Horse,219/250,,New on card,Walmart,,,,,
Then and Now,2025,8/10,Porsche 911 GT3 RS,220/250,,New on card,Walmart,,,,,
Batman,2025,5/5,1966 Bat Boat,232/250,,New on card,Walmart,,,,,
HW Moto,2025,4/5,Honda VFR750R (RC30),224/250,,New on card,Walmart,,,,,Motorcycle
Then and Now,2025,3/10,2018 Honda Civic Type R,123/250,,New on card,Dollar General,,,,,
HW Race Day,2025,3/10,Porsche 904 Carrera GTS,100/250,,New on card,Walmart,,,,,
Exotics,2025,2/5,Peugeot 9X8 Hypercar,174/250,,New on card,Walmart,,,,,
Then and Now,2025,9/10,1973 Honda Civic Custom,231/250,,New on card,Walmart,,,,,
HW 70s vs 90s,2025,1/10,1990 Honda Civic EF,28/250,,New on card,Dollar General,,,,,
X-Raycers,2025,9/10,Rig Storm,110/250,,New on card,Lidl,,TH,,,Hot Wheels Let’s Race
HW Celebration Racers,2025,5/10,Birthday Burner,143/250,,New on card,Walmart,,TH,,,
HW Screen Time,2025,9/10,Chevy El Camino,147/250,,Opened,,,,,,Fast & Furious
Mustang 60,2025,5/5,Custom 2018 Ford Mustang GT,211/250,,New on card,,,,,,
HW Wagons,2025,4/5,Gone Mad,244/250,,Opened,,,,,,
HW Metro,2025,5/5,Cone Shaker,148/250,,Opened,,,,,Cone Shaker (HW Metro 2025) [green].JPG,
Experimotors,2025,6/10,Porsche 911 Carrera Clip,197/250,,New on card,,,,,Porsche 911 Carrera Clip (Experimotors 2025) [red].JPG,
Factory Fresh,2025,5/5,Ferrari SF90 Stradale,191/250,,New on card,Walmart,,,,,
HW Exotics,2025,4/5,Ferrari F40 Competizione,198/250,,New on card,Walmart,,,,,
HW Dirt,2025,4/10,Tesla Cyberquad,82/250,,Opened,Walmart,,,,,
Compact Kings,2025,9/10,Honda S800 Racing,212/250,,New on card,Publix,,TH,,,
Then and Now,2025,5/10,Land Rover Defender 90,210/250,,Opened,,,,,,
Then and Now,2025,5/10,Land Rover Defender 90,210/250,,New on card,Walmart,,ZAMAC,,Land Rover Defender 90 (Then and Now 2025) [ZAMAC].JPG,
HW Reverse Rake,2025,5/5,Honda Civic Custom,201/250,,New on card,,,,,,
HW Extreme Sports,2025,5/5,HW450F,130/250,,Opened,,,,,,Motorcycle
Race Day,2025,10/10,Ferrari 365 GTB4 Competizione,222/250,,New on card,Walmart,,,,,
HW Moto,2025,5/5,1966 Triumph Tiger 100,235/250,,Opened,Target,,TH,,,Motorcycle
HW Celebration Racers,2025,9/10,Feline Lucky,234/250,,Opened,Target,,,,,
HW Moto,2025,3/5,Honda Motocompo,181/250,,Opened,Lidl,,,,,Motorcycle
HW Moto,2025,3/5,Honda Motocompo,181/250,,Opened,Grandpa,,,,Honda Motocompo (HW Moto 2025) [yellow].JPG,Motorcycle
HW Moto,2025,2/5,Vespa 90 SS Super (1966),177/250,,Opened,Lidl,,,,,Motorcycle
Then and Now,2025,10/10,Porsche 911 Turbo Cabriolet,239/250,,New on card,Target,,,,,
Then and Now,2025,3/10,2018 Honda Civic Type R,123/250,,New on card,Target,,,,2018 Honda Civic Type R (Then and Now 2025) [blue].JPG,
Modified,2025,4/5,Ford GT,159/250,,New on card,Target,,,,,
HW Designed By,2025,3/5,Gotta Go,84/250,,Opened,Grandpa,,,,,
Experimotors,2025,8/10,Speed Driver,206/250,,Opened,Mommy,,,,,
HW Dirt,2025,5/10,1975 Chevy Blazer Custom,115/250,,Opened,Archer,,,,,
Tooned 5-pack,2025,1/5,Surf ‘N Turf,,,Opened,Mommy,,,,,
Tooned 5-pack,2025,2/5,Toon’d 1983 Chevy Silverado,,,Opened,Mommy,,,,,
Tooned 5-pack,2025,3/5,Poppa Wheelie,,,Opened,Mommy,,,,,
Tooned 5-pack,2025,4/5,1969 Camaro Z28,,,Opened,Mommy,,,,,
Tooned 5-pack,2025,5/5,Head Starter,,,Opened,Mommy,,,,,
Avon Super Tuners,2000,1/3,Sho-Stopper,,,Opened,Dima,,,,,
Avon Super Tuners,2000,2/3,Muscle Tone,,,Opened,Dima,,,,,
Avon Super Tuners,2000,3/3,MX48 Turbo,,,Opened,Dima,,,,,
HW J-Imports,2024,4/10,1992 Honda Civic EG,95/250,,New on card,Flea Market,,,,,
Nightburnerz,2019,2/10,1985 Honda City Turbo II,,,New on card,Flea Market,,,,,
HW City: HW Rescue,2015,,5 Alarm,51/250,2584N,Opened,Flea Market,,,,,
HW Off-Road,2014,,Fly-By,119/250,0344N,Opened,Flea Market,,,,,Motorcycle
Baja Blazers,2020,8/10,HW450F,28/250,,Opened,Flea Market,,,,,Motorcycle
HW Moto,2023,5/5,Honda Super Cub Custom,160/250,,Opened,Flea Market,,,,,Motorcycle
Tooned,2022,1/5,Tooned Volkswagen Golf MK1,10/250,,Opened,Flea Market,,,,,
HW Drift,2021,1/5,Dodge Van,50/250,,Used,Dima,,,,,
Super Rigs,2014,,Road Roller,,,Used,Flea Market,,,,,
Experimotors,2017,5/10,Emoticar,26/365,2626N,Opened,Flea Market,,,,,
HW Main Street,2011,1/10,Hummer H2 SUT,161/244,2350N,Opened,Flea Market,,,,,
2004 First Editions,2004,66/100,Fatbax Shelby Cobra 427 S/C,066,,Opened,Flea Market,,,,,
HW Race Day,2024,10/10,Honda S800 Racing,209/250,,New on card,,,,,,
HW Fun Park 5-pack,2025,,Loco Motorin’,,,Opened,Mommy,,,,,Train
HW Fun Park 5-pack,2025,,Tee’d Off 2,,,Opened,Mommy,,,,,
HW Fun Park 5-pack,2025,,Cool-One,,,Opened,Mommy,,,,,
HW Fun Park 5-pack,2025,,Loopster,,,Opened,Mommy,,,,,
HW Fun Park 5-pack,2025,,Bump Around,,,Opened,Mommy,,,,,
Experimotors,2025,3/10,Skull Shaker,118/250,,Opened,Archer,,,,,
HW 70s vs 90s,2025,6/10,1971 Lamborghini Miura P400SV,78/250,,Opened,Grandpa,,,,,
Mustang 60,2025,4/5,1971 Mustang Funny Car,175/250,,Opened,Grandpa,,,,,
HW Designed By,2025,5/5,Monster Dairy Delivery,133/250,,Opened,Grandma,,,,Monster Dairy Delivery (HW Designed By 2025) [blue].JPG,
Experimotors,2025,4/10,HW Ultimate T-Rex Transporter,156/250,,Opened,Dollar Tree,,,,,
Muscle Mania,2025,10/10,1983 Porsche 928S,250/250,,New on card,Publix,,,,,
HW Gassers 5-pack,2025,1/5,Straight Pipes,,,Opened,Mommy,,,,,
HW Gassers 5-pack,2025,2/5,1964 Nova Wagon Gasser,,,Opened,Mommy,,,,,
HW Gassers 5-pack,2025,3/5,1955 Chevy Bel Air Gasser,,,Opened,Mommy,,,,,
HW Gassers 5-pack,2025,4/5,1965 Mercury Comet Cyclone,,,Opened,Mommy,,,,,
HW Gassers 5-pack,2025,5/5,Fast-Bed Hauler,,,Opened,Mommy,,,,,
Experimotors,2025,5/10,Crate Racer,160/250,,Opened,,,,,,
Hot Wheels Let’s Race,2025,5/5,Buns of Steel,153/250,,Opened,Target,,,,,
Mainline,2003,,Rail Rodder,121,,Opened,Grandpa,,,,,
Experimotors,2025,9/10,Quick Chat,216/250,,Opened,Dollar Tree,,,,,
Street Beasts 5-pack,2024,1/5,Howlin' Heat,,,Opened,Mommy,,,,,
Street Beasts 5-pack,2024,2/5,Steer Clear,,,Opened,Mommy,,,,,
Street Beasts 5-pack,2024,3/5,Tomb Up,,,Opened,Mommy,,,,,
Street Beasts 5-pack,2024,4/5,Double Demon,,,Opened,Mommy,,,,,
Street Beasts 5-pack,2024,5/5,Purrfect Speed,,,Opened,Mommy,,,,,
HW 70s vs 90s,2025,6/10,1971 Lamborghini Miura SV,78/250,,Opened,Grandpa,,,,1971 Lamborghini Miura SV (HW 70s vs 90s 2025) [black].JPG,
HW Wagons,2025,3/5,Volvo 240 Drift Wagon,227/250,,Opened,Grandpa,,,,,
HW EV,2025,10/10,Nissan Leaf Nismo RC_02,168/250,,New on card,Lidl,,TH,2,,
Halloween Series,2025,3/5,Haul-O-Gram,,,Opened,Lidl,,,,,
X-Raycers,2025,6/10,El Viento,65/250,,Opened,Walmart,,,,,Hot Wheels Let’s Race
Fast Foodie,2025,2/5,Sushi Tuner,106/250,,Opened,Walmart,,,,,
HW Celebration Racers,2025,10/10,Mo-Stash,241/250,,Opened,Walmart,,,,,
X-Raycers,2022,1/5,Cosmic Coupe,122/250,,New on card,,,,,,Best for Track / Glow in the dark
Quarter Mile Heroes,2024,4/5,Retro-Active,237/250,,New on card,,,,,,Hot Wheels Let’s Race / Glow in the dark
Muscle Mania,2025,9/10,2020 Dodge Charger Hellcat,240/250,,New on card,Walmart,,,,,
Muscle Mania,2025,5/10,1969 Dodge Coronet Superbee,208/250,,New on card,Walmart,,,,,
HW Hot Trucks,2017,3/10,Baja Hauler,270/365,,Opened,Dima,,,,,
HW City Works,2015,,So Plowed,6/250,,Opened,Dima,,,,,
Nightburnerz,2018,3/10,2015 Mazda MX-5 Miata,40/365,,Opened,Dima,,,,,
HW Rescue,2017,4/10,Hover Storm,40/365,,Opened,Dima,,,,,
HW Hot Trucks,2017,4/10,2017 Ford F-150 Raptor,10/365,,Opened,Dima,,,,,
Silver Series II,1996,1/4,CAT Dump Truck,420,,Opened,Grandpa,,,,,
Multipack Exclusive,2025,,2015 Jaguar F-Type Project 7,,,Opened,Grandpa,,,,,
HW Glow Wheels,2016,2/10,F1 Racer,47/250,,Opened,Dima,,,,,Glow in the dark
Multipack Exclusive,2020,,Cyber Speeder,,,Opened,,,,,,Glow in the dark
X-Raycers,2025,10/10,Salt Shaker,136/250,,Opened,Sandy,,,,,
Peak Pursuit,2025,10/10,Polestar TRX,248/250,,Opened,Walmart,,,,,
Wild Widebody,2025,5/5,1984 Audi Sport Quattro,246/250,,New on card,Target,,TH,,,
X-Raycers,2025,8/10,Power Rocket,109/250,,Opened,Dollar Tree,,,,,
HW Wagons,2025,2/5,Track Dwagon,184/250,,Opened,Grandpa,,,,,
HW Wagons,2025,1/5,Drift’n Break,183/250,,Opened,Grandpa,,,,,
HW Art Cars,2025,9/10,Long Bloc,135/250,,Opened,Mommy,,,,,Hot Wheels Let’s Race
HW Art Cars,2025,9/10,Long Bloc,135/250,,Opened,Mommy,,,,Green,Hot Wheels Let’s Race
Final Run,2005,5/5,Big Chill,075,,Opened,Flea Market,,,,,
1998 First Editions,1998,2/40,Slideout,640,,Opened,Flea Market,,,,,
Street Beasts,2016,4/10,Scorpedo,204/250,1506N,Opened,Flea Market,,,,,
2000 First Editions,2000,36/36,Blast Lane,096,,Opened,Flea Market,,,,,Motorcycle
Spy Print Series,1997,2/4,Alien,554,,Opened,Flea Market,,,,,
Crank Itz,2004,1/5,Custom 1959 Cadillac,143,,New on card,Flea Market,,,,,
Compact Kings,2022,4/5,Custom 1970 Honda N600,141/250,,New on card,Flea Market,,,,,
Mainline,2000,,Phantastique,245,,Used,Flea Market,,,,,
Virtual Collection,2000,,Speed-a-Saurus,104,,Opened,Trade,,,,,
Factory Fresh,2024,10/10,1966 Triumph Tiger 100,190/250,,Opened,Trade,,,,,Motorcycle
Track Fleet,2025,,Nitro Rail,,,Opened,Trade,,,,,Train
Track Fleet,2025,,Racing Convoy,,,New on card,Trade,,,,,
DreamWorks Character Cars,2023,,Donkey,,,Opened,Trade,,,,,Shrek
HW Metro,2021,9/10,Ain’t Fare,155/250,,Used,Trade,,,,,Bus
Pop Culture: Jurassic Park,2025,,1992 Jeep Wrangler Sahara,,,New on card,Trade,,PREMIUM,,,
MBX Off-Road,2023,7/100,1970 Honda N600 Off Road,,,New on card,Flea Market,,,,,
Matchbox Mainline,2025,74/125,2017 Honda Civic Hatchback,,,New on card,,,,,,
